Respondent,VisitedAOI,Dwell Start,Dwell End,Number of Fixations in Dwell,Number of Saccades in Dwell,Dwell Time
Anonymous 14-11-22 09h35m,Paragraph4,133.1086,433.0785,1.0,1.0,299.96990000000005
Anonymous 14-11-22 09h35m,Text_Area,133.1086,783.036,2.0,4.0,649.9273999999999
Anonymous 14-11-22 09h35m,Paragraph1,566.4076,716.4244,1.0,0.0,150.0168
Anonymous 14-11-22 09h35m,Paragraph1,899.6993,6957.3621,23.0,22.0,6057.6628
Anonymous 14-11-22 09h35m,Text_Area,899.6993,6957.3621,23.0,22.0,6057.6628
Anonymous 14-11-22 09h35m,Formula,7065.6955,7132.3688,1.0,0.0,66.67330000000038
Anonymous 14-11-22 09h35m,Formula,7232.3246,7390.664,1.0,2.0,158.33939999999984
Anonymous 14-11-22 09h35m,Paragraph1,7473.9587,16681.3359,29.0,32.0,9207.377199999999
Anonymous 14-11-22 09h35m,Text_Area,7473.9587,22339.0389,46.0,56.0,14865.0802
Anonymous 14-11-22 09h35m,Paragraph3,16706.3357,21964.0301,16.0,21.0,5257.6944
Anonymous 14-11-22 09h35m,Paragraph1,22055.6743,22288.9826,1.0,0.0,233.3083000000006
Anonymous 14-11-22 09h35m,Paragraph2,22547.302,22572.3117,0.0,1.0,25.009699999998702
Anonymous 14-11-22 09h35m,Text_Area,22547.302,23230.5595,3.0,6.0,683.2574999999997
Anonymous 14-11-22 09h35m,Paragraph1,22588.9728,22655.6292,0.0,2.0,66.65639999999985
Anonymous 14-11-22 09h35m,Paragraph3,22655.6292,22888.9322,2.0,1.0,233.30299999999988
Anonymous 14-11-22 09h35m,Paragraph1,22922.266,23230.5595,1.0,1.0,308.29349999999977
Anonymous 14-11-22 09h35m,Paragraph2,23480.5341,23655.5055,1.0,2.0,174.97139999999854
Anonymous 14-11-22 09h35m,Text_Area,23480.5341,23655.5055,1.0,2.0,174.97139999999854
Anonymous 14-11-22 09h35m,Paragraph1,24022.1292,24972.0448,3.0,7.0,949.9156000000003
Anonymous 14-11-22 09h35m,Text_Area,24022.1292,24972.0448,3.0,7.0,949.9156000000003
Anonymous 14-11-22 09h35m,Paragraph1,24997.0186,25488.6316,2.0,1.0,491.6130000000012
Anonymous 14-11-22 09h35m,Text_Area,24997.0186,25488.6316,2.0,1.0,491.6130000000012
Anonymous 14-11-22 09h35m,Paragraph1,25513.6351,40103.7173,42.0,41.0,14590.082199999997
Anonymous 14-11-22 09h35m,Text_Area,25513.6351,40103.7173,42.0,41.0,14590.082199999997
Anonymous 14-11-22 09h35m,Paragraph2,40137.0718,40478.6705,1.0,0.0,341.5987000000023
Anonymous 14-11-22 09h35m,Text_Area,40137.0718,40478.6705,1.0,0.0,341.5987000000023
Anonymous 14-11-22 09h35m,Paragraph2,40503.6695,40811.9272,1.0,0.0,308.25769999999466
Anonymous 14-11-22 09h35m,Text_Area,40503.6695,41703.5018,4.0,4.0,1199.8322999999946
Anonymous 14-11-22 09h35m,Paragraph1,40861.9398,41195.2406,1.0,0.0,333.30079999999725
Anonymous 14-11-22 09h35m,Paragraph2,41211.9068,41703.5018,2.0,2.0,491.59500000000116
Anonymous 14-11-22 09h35m,Paragraph2,42153.48,45736.3807,11.0,9.0,3582.9006999999983
Anonymous 14-11-22 09h35m,Text_Area,42153.48,45736.3807,11.0,9.0,3582.9006999999983
Anonymous 14-11-22 09h35m,Formula,45753.0614,45769.7513,0.0,1.0,16.689900000004855
Anonymous 14-11-22 09h35m,Paragraph2,45953.0302,76249.6834,67.0,73.0,30296.653199999993
Anonymous 14-11-22 09h35m,Text_Area,45953.0302,76249.6834,67.0,73.0,30296.653199999993
Anonymous 14-11-22 09h35m,Figure,76349.6757,76549.634,1.0,2.0,199.95829999999842
Anonymous 14-11-22 09h35m,SubFigure2,76424.66,76549.634,1.0,1.0,124.97400000000198
Anonymous 14-11-22 09h35m,Paragraph2,76666.3197,98347.2446,44.0,52.0,21680.924900000013
Anonymous 14-11-22 09h35m,Text_Area,76666.3197,99172.144,48.0,55.0,22505.824300000007
Anonymous 14-11-22 09h35m,Paragraph2,98430.5884,98855.4931,2.0,2.0,424.9047000000137
Anonymous 14-11-22 09h35m,Paragraph4,98897.1775,99172.144,1.0,0.0,274.966499999995
Anonymous 14-11-22 09h35m,Formula,99172.144,99313.7988,0.0,1.0,141.6548000000039
Anonymous 14-11-22 09h35m,SubFigure1,99655.401,99772.054,1.0,0.0,116.6530000000057
Anonymous 14-11-22 09h35m,Figure,99655.401,99772.054,1.0,0.0,116.6530000000057
Anonymous 14-11-22 09h35m,Paragraph4,99772.054,99880.3869,0.0,2.0,108.33289999999397
Anonymous 14-11-22 09h35m,Text_Area,99772.054,100488.6437,3.0,5.0,716.5896999999968
Anonymous 14-11-22 09h35m,Paragraph4,99963.6994,100113.7076,1.0,1.0,150.00819999999658
Anonymous 14-11-22 09h35m,Paragraph2,100113.7076,100488.6437,1.0,2.0,374.93610000000626
Anonymous 14-11-22 09h35m,Formula,100488.6437,101088.5892,3.0,2.0,599.9455000000016
Anonymous 14-11-22 09h35m,SubFigure1,101163.6071,101280.222,1.0,0.0,116.61490000000049
Anonymous 14-11-22 09h35m,Figure,101163.6071,101563.5375,2.0,0.0,399.930400000012
Anonymous 14-11-22 09h35m,SubFigure1,101580.206,101721.8678,1.0,0.0,141.66180000000168
Anonymous 14-11-22 09h35m,Figure,101580.206,101930.1808,2.0,1.0,349.9747999999963
Anonymous 14-11-22 09h35m,Figure,101996.8457,103205.0142,3.0,9.0,1208.1684999999998
Anonymous 14-11-22 09h35m,SubFigure1,102146.8166,103205.0142,2.0,8.0,1058.1975999999995
Anonymous 14-11-22 09h35m,Text_Area,103213.3742,103454.9803,0.0,3.0,241.60609999998996
Anonymous 14-11-22 09h35m,Paragraph2,103338.3292,103355.0237,0.0,1.0,16.69450000001234
Anonymous 14-11-22 09h35m,Figure,103471.7005,107021.2906,12.0,21.0,3549.5900999999867
Anonymous 14-11-22 09h35m,SubFigure2,103846.6324,104004.963,1.0,1.0,158.33060000000114
Anonymous 14-11-22 09h35m,SubFigure2,104171.5808,104313.2447,1.0,1.0,141.66389999999956
Anonymous 14-11-22 09h35m,SubFigure1,104429.8825,104613.1844,1.0,2.0,183.3018999999913
Anonymous 14-11-22 09h35m,SubFigure1,104954.8647,106221.3495,5.0,6.0,1266.484799999991
Anonymous 14-11-22 09h35m,SubFigure2,106271.338,107021.2906,2.0,1.0,749.9525999999896
Anonymous 14-11-22 09h35m,Paragraph1,107129.5754,107171.2421,0.0,1.0,41.66670000000158
Anonymous 14-11-22 09h35m,Text_Area,107129.5754,107304.5608,1.0,1.0,174.98540000000503
Anonymous 14-11-22 09h35m,Paragraph2,107329.5629,107437.8914,1.0,0.0,108.32849999998871
Anonymous 14-11-22 09h35m,Text_Area,107329.5629,107437.8914,1.0,0.0,108.32849999998871
Anonymous 14-11-22 09h35m,Text_Area,107754.5085,108879.4275,2.0,3.0,1124.919000000009
Anonymous 14-11-22 09h35m,Paragraph3,107787.8549,108721.0773,2.0,1.0,933.2223999999987
Anonymous 14-11-22 09h35m,SubFigure2,108946.0376,110054.2526,3.0,9.0,1108.215000000011
Anonymous 14-11-22 09h35m,Figure,108946.0376,113903.8528,13.0,18.0,4957.815199999997
Anonymous 14-11-22 09h35m,SubFigure3,110054.2526,111529.1115,4.0,4.0,1474.858899999992
Anonymous 14-11-22 09h35m,SubFigure1,111604.1099,112387.3472,3.0,1.0,783.237300000008
Anonymous 14-11-22 09h35m,SubFigure1,112853.9767,113903.8528,2.0,1.0,1049.876099999994
Anonymous 14-11-22 09h35m,Text_Area,113903.8528,148641.6666,102.0,159.0,34737.8138
Anonymous 14-11-22 09h35m,Paragraph3,113978.8316,115220.3679,4.0,4.0,1241.5362999999925
Anonymous 14-11-22 09h35m,Paragraph3,115470.3181,122344.5925,18.0,20.0,6874.274399999995
Anonymous 14-11-22 09h35m,Paragraph3,122544.5934,123461.1351,2.0,3.0,916.5417000000016
Anonymous 14-11-22 09h35m,Paragraph3,123644.4152,130401.9947,16.0,18.0,6757.579499999993
Anonymous 14-11-22 09h35m,Paragraph3,130477.0223,131026.9571,3.0,3.0,549.9348000000027
Anonymous 14-11-22 09h35m,Paragraph3,131076.979,136176.3544,15.0,11.0,5099.375400000019
Anonymous 14-11-22 09h35m,Paragraph5,136226.3657,136434.6725,1.0,0.0,208.3067999999912
Anonymous 14-11-22 09h35m,Paragraph3,136493.0467,136701.3281,1.0,1.0,208.28140000000712
Anonymous 14-11-22 09h35m,Paragraph4,136701.3281,137642.8803,3.0,3.0,941.5521999999764
Anonymous 14-11-22 09h35m,Paragraph2,137776.1776,137851.1826,1.0,0.0,75.00500000000466
Anonymous 14-11-22 09h35m,Paragraph4,138017.8214,142742.3276,14.0,48.0,4724.506200000003
Anonymous 14-11-22 09h35m,Paragraph4,142908.9593,144908.7237,8.0,16.0,1999.7644000000146
Anonymous 14-11-22 09h35m,Paragraph2,145192.0321,145308.6765,0.0,2.0,116.64439999999013
Anonymous 14-11-22 09h35m,Paragraph4,145508.7056,148641.6666,8.0,20.0,3132.9610000000102
Anonymous 14-11-22 09h35m,SubFigure1,148716.641,148841.6477,1.0,0.0,125.00669999999809
Anonymous 14-11-22 09h35m,Figure,148716.641,148841.6477,1.0,0.0,125.00669999999809
Anonymous 14-11-22 09h35m,Paragraph4,148899.9677,154632.6589,17.0,25.0,5732.691200000001
Anonymous 14-11-22 09h35m,Text_Area,148899.9677,156590.763,22.0,33.0,7690.795299999998
Anonymous 14-11-22 09h35m,Paragraph4,154716.0602,156590.763,5.0,7.0,1874.7027999999991
Anonymous 14-11-22 09h35m,SubFigure2,156699.0995,156715.8123,0.0,1.0,16.712799999979325
Anonymous 14-11-22 09h35m,Figure,156699.0995,157890.645,5.0,9.0,1191.5454999999783
Anonymous 14-11-22 09h35m,SubFigure1,156774.1048,156790.778,0.0,1.0,16.673199999990175
Anonymous 14-11-22 09h35m,SubFigure1,156907.3929,157674.001,3.0,5.0,766.6080999999831
Anonymous 14-11-22 09h35m,SubFigure2,157682.3251,157890.645,1.0,2.0,208.31990000000224
Anonymous 14-11-22 09h35m,Figure,158057.2824,158207.2914,1.0,1.0,150.00899999999092
Anonymous 14-11-22 09h35m,SubFigure2,158090.6053,158207.2914,1.0,0.0,116.68609999999171
Anonymous 14-11-22 09h35m,Figure,158223.9294,158290.616,0.0,1.0,66.68660000001546
Anonymous 14-11-22 09h35m,Text_Area,158307.2485,159598.7619,6.0,11.0,1291.5134000000253
Anonymous 14-11-22 09h35m,Paragraph3,159132.148,159265.4629,0.0,2.0,133.31490000002668
Anonymous 14-11-22 09h35m,Paragraph2,159332.1459,159598.7619,1.0,2.0,266.6160000000091
Anonymous 14-11-22 09h35m,Figure,159598.7619,159657.1045,0.0,1.0,58.34259999997448
Anonymous 14-11-22 09h35m,Formula,159807.1007,159815.4526,0.0,1.0,8.35189999997965
Anonymous 14-11-22 09h35m,Figure,160340.355,160357.0104,0.0,1.0,16.65539999998873
Anonymous 14-11-22 09h35m,Formula,160407.0112,160482.0132,1.0,0.0,75.00199999997858
Anonymous 14-11-22 09h35m,Paragraph2,160590.3417,160715.3645,1.0,1.0,125.0228000000061
Anonymous 14-11-22 09h35m,Text_Area,160590.3417,161381.9282,3.0,5.0,791.5865000000049
Anonymous 14-11-22 09h35m,Paragraph3,160856.9702,161381.9282,2.0,3.0,524.9579999999842
Anonymous 14-11-22 09h35m,Formula,161631.885,161640.2031,0.0,1.0,8.318100000004051
Anonymous 14-11-22 09h35m,SubFigure1,161890.2081,161915.1913,0.0,1.0,24.98320000001695
Anonymous 14-11-22 09h35m,Figure,161890.2081,161915.1913,0.0,1.0,24.98320000001695
Anonymous 14-11-22 09h35m,Figure,162165.1844,162631.7899,2.0,5.0,466.6055000000051
Anonymous 14-11-22 09h35m,SubFigure1,162348.4586,162631.7899,1.0,3.0,283.33129999999073
Anonymous 14-11-22 09h35m,Figure,163098.4238,163265.0426,1.0,0.0,166.61879999999655
Anonymous 14-11-22 09h35m,Formula,163265.0426,163939.9471,3.0,6.0,674.9045000000042
Anonymous 14-11-22 09h35m,Paragraph2,164164.9205,164273.2971,0.0,2.0,108.37659999998868
Anonymous 14-11-22 09h35m,Text_Area,164164.9205,166889.6304,6.0,30.0,2724.709899999987
Anonymous 14-11-22 09h35m,Paragraph2,164523.2172,164539.8813,0.0,1.0,16.664099999994505
Anonymous 14-11-22 09h35m,Paragraph2,164781.578,166473.0341,4.0,19.0,1691.4560999999812
Anonymous 14-11-22 09h35m,Paragraph4,166514.712,166539.6601,0.0,2.0,24.948100000008708
Anonymous 14-11-22 09h35m,Paragraph4,166806.3037,166814.6665,0.0,1.0,8.362800000002608
Anonymous 14-11-22 09h35m,Formula,167181.2794,167547.8993,2.0,1.0,366.6198999999906
Anonymous 14-11-22 09h35m,Formula,167622.8754,168797.7816,3.0,10.0,1174.9061999999976
Anonymous 14-11-22 09h35m,Formula,169339.3831,170989.1726,5.0,5.0,1649.7894999999844
Anonymous 14-11-22 09h35m,Formula,171030.8317,171877.6776,2.0,5.0,846.8458999999857
Anonymous 14-11-22 09h35m,Figure,172027.6964,172177.6491,0.0,4.0,149.95270000002347
Anonymous 14-11-22 09h35m,SubFigure1,172077.6702,172094.2892,0.0,1.0,16.619000000006054
Anonymous 14-11-22 09h35m,Formula,172277.627,180635.0294,23.0,26.0,8357.402399999992
Anonymous 14-11-22 09h35m,Figure,180635.0294,183926.3172,13.0,27.0,3291.287799999991
Anonymous 14-11-22 09h35m,SubFigure1,180660.071,183926.3172,13.0,26.0,3266.246199999994
Anonymous 14-11-22 09h35m,Formula,183976.345,186734.4401,8.0,14.0,2758.095100000006
Anonymous 14-11-22 09h35m,SubFigure1,186817.8,188267.4986,6.0,6.0,1449.6986000000034
Anonymous 14-11-22 09h35m,Figure,186817.8,188350.9016,6.0,7.0,1533.1016000000236
Anonymous 14-11-22 09h35m,Formula,188350.9016,189467.482,5.0,6.0,1116.580399999977
Anonymous 14-11-22 09h35m,SubFigure1,189467.482,191108.8763,7.0,5.0,1641.3943000000145
Anonymous 14-11-22 09h35m,Figure,189467.482,199482.99,36.0,42.0,10015.508000000002
Anonymous 14-11-22 09h35m,SubFigure2,191475.5258,191842.1168,1.0,0.0,366.5909999999858
Anonymous 14-11-22 09h35m,SubFigure2,191858.8044,192492.0473,1.0,0.0,633.242900000012
Anonymous 14-11-22 09h35m,SubFigure1,192517.0479,196024.9994,12.0,13.0,3507.9514999999956
Anonymous 14-11-22 09h35m,SubFigure1,196041.6946,198141.4076,9.0,13.0,2099.713000000018
Anonymous 14-11-22 09h35m,SubFigure2,198183.1215,199482.99,5.0,6.0,1299.8684999999823
Anonymous 14-11-22 09h35m,Figure,199749.6019,205415.601,18.0,25.0,5665.999099999986
Anonymous 14-11-22 09h35m,SubFigure2,199766.2326,199999.5659,1.0,0.0,233.33329999999842
Anonymous 14-11-22 09h35m,SubFigure2,200057.8682,202115.9686,6.0,8.0,2058.1003999999957
Anonymous 14-11-22 09h35m,SubFigure1,202115.9686,203032.5777,4.0,4.0,916.6091000000015
Anonymous 14-11-22 09h35m,SubFigure2,203032.5777,204815.6686,5.0,5.0,1783.0909000000102
Anonymous 14-11-22 09h35m,SubFigure2,204849.0036,205207.3909,2.0,1.0,358.38730000000214
Anonymous 14-11-22 09h35m,SubFigure2,205273.9942,205290.6313,0.0,1.0,16.637100000021746
Anonymous 14-11-22 09h35m,SubFigure2,205482.3162,205715.5691,1.0,1.0,233.25289999999222
Anonymous 14-11-22 09h35m,Figure,205482.3162,219980.691,42.0,76.0,14498.37479999999
Anonymous 14-11-22 09h35m,SubFigure2,205823.9132,205832.2245,0.0,1.0,8.31130000000121
Anonymous 14-11-22 09h35m,SubFigure2,205898.8839,206773.7985,3.0,6.0,874.9146000000183
Anonymous 14-11-22 09h35m,SubFigure3,206773.7985,207765.3422,2.0,1.0,991.5437000000093
Anonymous 14-11-22 09h35m,SubFigure2,207765.3422,216256.0907,22.0,41.0,8490.748499999987
Anonymous 14-11-22 09h35m,SubFigure3,216372.7496,216381.0822,0.0,1.0,8.332599999994272
Anonymous 14-11-22 09h35m,SubFigure3,216489.3791,216797.6789,1.0,2.0,308.29980000000796
Anonymous 14-11-22 09h35m,SubFigure2,216797.6789,219772.375,11.0,18.0,2974.696100000001
Anonymous 14-11-22 09h35m,Text_Area,219980.691,221255.5345,5.0,12.0,1274.8435000000172
Anonymous 14-11-22 09h35m,Paragraph4,220113.9983,220372.2955,1.0,5.0,258.2972000000009
Anonymous 14-11-22 09h35m,Paragraph4,220463.9771,220488.9659,0.0,1.0,24.988800000021
Anonymous 14-11-22 09h35m,Paragraph5,220630.6105,221188.9097,2.0,2.0,558.2991999999795
Anonymous 14-11-22 09h35m,Figure,221272.1909,222722.0498,5.0,9.0,1449.858900000021
Anonymous 14-11-22 09h35m,SubFigure2,221297.1891,222722.0498,5.0,8.0,1424.8607000000193
Anonymous 14-11-22 09h35m,Paragraph5,222905.4213,224321.8923,4.0,4.0,1416.4710000000196
Anonymous 14-11-22 09h35m,Text_Area,222905.4213,224630.1471,5.0,8.0,1724.7258000000147
Anonymous 14-11-22 09h35m,Paragraph4,224346.8828,224630.1471,1.0,3.0,283.2643000000098
Anonymous 14-11-22 09h35m,Figure,224646.8132,226221.7057,7.0,11.0,1574.8924999999872
Anonymous 14-11-22 09h35m,SubFigure2,224755.1338,224988.4617,2.0,2.0,233.32790000000386
Anonymous 14-11-22 09h35m,SubFigure1,224988.4617,225130.106,1.0,1.0,141.64429999998538
Anonymous 14-11-22 09h35m,SubFigure2,225155.1294,226029.9928,3.0,5.0,874.863400000002
Anonymous 14-11-22 09h35m,SubFigure1,226054.9914,226221.7057,1.0,0.0,166.71429999999236
Anonymous 14-11-22 09h35m,Paragraph4,226221.7057,226404.9474,1.0,1.0,183.24170000001322
Anonymous 14-11-22 09h35m,Text_Area,226221.7057,231679.4025,17.0,20.0,5457.696800000005
Anonymous 14-11-22 09h35m,Paragraph3,226638.2558,231571.0649,15.0,17.0,4932.809099999984
Anonymous 14-11-22 09h35m,SubFigure2,231704.4165,231929.3697,2.0,4.0,224.95320000001811
Anonymous 14-11-22 09h35m,Figure,231704.4165,232695.9263,5.0,7.0,991.5097999999998
Anonymous 14-11-22 09h35m,SubFigure1,231979.3615,232695.9263,3.0,2.0,716.5647999999928
Anonymous 14-11-22 09h35m,Formula,232754.2464,233279.2271,2.0,2.0,524.9806999999855
Anonymous 14-11-22 09h35m,Text_Area,233287.5531,236395.5426,12.0,11.0,3107.989499999996
Anonymous 14-11-22 09h35m,Paragraph3,233304.1851,233795.8047,2.0,1.0,491.61960000000545
Anonymous 14-11-22 09h35m,Paragraph1,233845.837,234579.0732,3.0,2.0,733.2362000000139
Anonymous 14-11-22 09h35m,Paragraph2,234579.0732,236395.5426,7.0,6.0,1816.4693999999727
Anonymous 14-11-22 09h35m,SubFigure2,236453.8416,237587.0497,4.0,4.0,1133.208099999989
Anonymous 14-11-22 09h35m,Figure,236453.8416,237587.0497,4.0,4.0,1133.208099999989
Anonymous 14-11-22 09h35m,Formula,237603.7107,237737.0419,1.0,0.0,133.3312000000151
Anonymous 14-11-22 09h35m,Paragraph4,237803.7186,240028.4409,8.0,9.0,2224.722299999994
Anonymous 14-11-22 09h35m,Text_Area,237803.7186,240028.4409,8.0,9.0,2224.722299999994
Anonymous 14-11-22 09h35m,SubFigure2,240028.4409,240978.3654,2.0,2.0,949.9245000000228
Anonymous 14-11-22 09h35m,Figure,240028.4409,240978.3654,2.0,2.0,949.9245000000228
Anonymous 14-11-22 09h35m,Text_Area,241061.6831,242069.9714,3.0,2.0,1008.2883000000147
Anonymous 14-11-22 09h35m,Paragraph4,241303.3155,242069.9714,2.0,1.0,766.6559000000125
Anonymous 14-11-22 09h35m,Figure,242069.9714,251785.4921,26.0,27.0,9715.520699999994
Anonymous 14-11-22 09h35m,SubFigure2,242153.2523,251043.907,23.0,22.0,8890.654700000014
Anonymous 14-11-22 09h35m,SubFigure3,251043.907,251193.948,1.0,1.0,150.04099999999744
Anonymous 14-11-22 09h35m,SubFigure2,251227.2177,251668.8289,2.0,1.0,441.6111999999848
Anonymous 14-11-22 09h35m,Paragraph5,251810.5443,252027.1424,1.0,1.0,216.5981000000029
Anonymous 14-11-22 09h35m,Text_Area,251810.5443,267292.1307,50.0,53.0,15481.586399999971
Anonymous 14-11-22 09h35m,Paragraph5,252160.4615,259542.9609,24.0,23.0,7382.499400000001
Anonymous 14-11-22 09h35m,Paragraph5,259617.9425,267292.1307,24.0,28.0,7674.188199999975
Anonymous 14-11-22 09h35m,SubFigure2,267517.1178,268083.6909,2.0,2.0,566.5730999999796
Anonymous 14-11-22 09h35m,Figure,267517.1178,269675.1609,9.0,17.0,2158.04310000001
Anonymous 14-11-22 09h35m,SubFigure3,268108.6698,269425.1924,6.0,11.0,1316.5226000000257
Anonymous 14-11-22 09h35m,SubFigure3,269591.85,269675.1609,1.0,0.0,83.31090000004042
Anonymous 14-11-22 09h35m,SubFigure3,269700.216,270766.7312,5.0,5.0,1066.5151999999653
Anonymous 14-11-22 09h35m,Figure,269700.216,271683.2749,8.0,7.0,1983.0589000000036
Anonymous 14-11-22 09h35m,SubFigure2,270766.7312,271683.2749,3.0,2.0,916.5437000000384
Anonymous 14-11-22 09h35m,Text_Area,271683.2749,273616.4309,6.0,14.0,1933.155999999959
Anonymous 14-11-22 09h35m,Paragraph5,271799.9427,272249.8945,1.0,3.0,449.9517999999807
Anonymous 14-11-22 09h35m,Paragraph5,272291.614,273616.4309,5.0,8.0,1324.8168999999762
Anonymous 14-11-22 09h35m,SubFigure2,273683.0513,275249.5678,3.0,3.0,1566.516500000027
Anonymous 14-11-22 09h35m,Figure,273683.0513,275249.5678,3.0,3.0,1566.516500000027
Anonymous 14-11-22 09h35m,Text_Area,275257.8795,275541.182,1.0,1.0,283.3024999999907
Anonymous 14-11-22 09h35m,Figure,275541.182,290931.1462,35.0,47.0,15389.964200000046
Anonymous 14-11-22 09h35m,SubFigure2,275641.1824,275774.4889,1.0,1.0,133.30650000000605
Anonymous 14-11-22 09h35m,SubFigure1,275824.5427,276199.4817,2.0,2.0,374.93900000001304
Anonymous 14-11-22 09h35m,SubFigure2,276199.4817,289073.0507,24.0,30.0,12873.569000000018
Anonymous 14-11-22 09h35m,SubFigure2,289131.3671,290839.5523,8.0,9.0,1708.1852000000072
Anonymous 14-11-22 09h35m,Paragraph5,290947.8608,292664.2987,6.0,9.0,1716.4378999999608
Anonymous 14-11-22 09h35m,Text_Area,290947.8608,292664.2987,6.0,9.0,1716.4378999999608
Anonymous 14-11-22 09h35m,Figure,292664.2987,296555.5589,7.0,8.0,3891.260200000019
Anonymous 14-11-22 09h35m,SubFigure2,292755.9596,296555.5589,7.0,7.0,3799.5993000000017
Anonymous 14-11-22 09h35m,Text_Area,296555.5589,298305.3308,7.0,11.0,1749.7718999999925
Anonymous 14-11-22 09h35m,Paragraph5,296722.1956,297197.1334,2.0,6.0,474.93780000001425
Anonymous 14-11-22 09h35m,Paragraph5,297213.8534,298305.3308,5.0,3.0,1091.4773999999743
Anonymous 14-11-22 09h35m,Figure,298305.3308,299313.5904,1.0,3.0,1008.2595999999903
Anonymous 14-11-22 09h35m,SubFigure2,298405.3766,299288.6079,1.0,1.0,883.2312999999849
Anonymous 14-11-22 09h35m,SubFigure1,299296.9426,299313.5904,0.0,1.0,16.647799999976996
Anonymous 14-11-22 09h35m,Paragraph5,299396.9066,300113.5147,3.0,4.0,716.6081000000122
Anonymous 14-11-22 09h35m,Text_Area,299396.9066,300113.5147,3.0,4.0,716.6081000000122
Anonymous 14-11-22 09h35m,SubFigure2,300238.4576,302571.5419,5.0,13.0,2333.0842999999877
Anonymous 14-11-22 09h35m,Figure,300238.4576,302571.5419,5.0,13.0,2333.0842999999877
Anonymous 14-11-22 09h35m,Text_Area,302629.8665,308020.9274,18.0,23.0,5391.060899999982
Anonymous 14-11-22 09h35m,Paragraph5,302754.8868,304046.3637,5.0,5.0,1291.4769000000088
Anonymous 14-11-22 09h35m,Paragraph5,304071.361,308020.9274,13.0,16.0,3949.5664000000106
Anonymous 14-11-22 09h35m,SubFigure2,308137.592,308562.5641,2.0,4.0,424.9721000000136
Anonymous 14-11-22 09h35m,Figure,308137.592,308562.5641,2.0,4.0,424.9721000000136
Anonymous 14-11-22 09h35m,Text_Area,308570.8627,309762.4074,3.0,6.0,1191.5447000000277
Anonymous 14-11-22 09h35m,Paragraph5,308695.8489,309604.1123,3.0,4.0,908.2633999999962
Anonymous 14-11-22 09h35m,SubFigure2,309787.4217,311378.8854,3.0,17.0,1591.463700000022
Anonymous 14-11-22 09h35m,Figure,309787.4217,317244.9056,22.0,51.0,7457.483899999992
Anonymous 14-11-22 09h35m,SubFigure1,311387.2184,311395.5513,0.0,1.0,8.332899999979418
Anonymous 14-11-22 09h35m,SubFigure2,311437.2457,311803.864,2.0,2.0,366.6182999999728
Anonymous 14-11-22 09h35m,SubFigure1,311812.1841,311820.5162,0.0,1.0,8.332099999999627
Anonymous 14-11-22 09h35m,SubFigure2,311837.1922,313437.0246,6.0,14.0,1599.8324000000139
Anonymous 14-11-22 09h35m,SubFigure3,313445.357,313736.9668,1.0,2.0,291.60979999997653
Anonymous 14-11-22 09h35m,SubFigure2,313736.9668,317244.9056,10.0,13.0,3507.9388000000035
Anonymous 14-11-22 09h35m,Text_Area,317244.9056,319986.2672,9.0,12.0,2741.361600000004
Anonymous 14-11-22 09h35m,Paragraph5,317369.896,319986.2672,9.0,11.0,2616.371199999994
Anonymous 14-11-22 09h35m,SubFigure2,320161.2621,320469.5789,1.0,3.0,308.3168000000296
Anonymous 14-11-22 09h35m,Figure,320161.2621,320469.5789,1.0,3.0,308.3168000000296
Anonymous 14-11-22 09h35m,Text_Area,320511.2394,322286.0212,6.0,9.0,1774.781799999997
Anonymous 14-11-22 09h35m,Paragraph5,320611.2386,322286.0212,6.0,8.0,1674.782600000035
Anonymous 14-11-22 09h35m,SubFigure2,322419.3595,328223.1337,16.0,19.0,5803.774199999985
Anonymous 14-11-22 09h35m,Figure,322419.3595,353686.9305,92.0,161.0,31267.570999999996
Anonymous 14-11-22 09h35m,SubFigure1,328364.7791,328631.3636,1.0,2.0,266.5844999999972
Anonymous 14-11-22 09h35m,SubFigure2,328714.6864,329281.3126,2.0,3.0,566.6261999999988
Anonymous 14-11-22 09h35m,SubFigure1,329281.3126,330097.9168,4.0,3.0,816.6042000000016
Anonymous 14-11-22 09h35m,SubFigure2,330097.9168,333730.8285,12.0,21.0,3632.911699999997
Anonymous 14-11-22 09h35m,SubFigure2,333764.158,337488.776,12.0,27.0,3724.6180000000168
Anonymous 14-11-22 09h35m,SubFigure2,337522.0711,351095.5754,38.0,59.0,13573.504299999971
Anonymous 14-11-22 09h35m,SubFigure2,351170.5453,352170.4491,3.0,6.0,999.9038000000292
Anonymous 14-11-22 09h35m,SubFigure3,352312.115,352328.8104,0.0,1.0,16.695400000025984
Anonymous 14-11-22 09h35m,SubFigure2,352337.1177,352528.7392,1.0,2.0,191.62150000000838
Anonymous 14-11-22 09h35m,SubFigure3,352728.7134,353686.9305,2.0,13.0,958.2171000000089
Anonymous 14-11-22 09h35m,Text_Area,353695.2634,358611.4072,20.0,32.0,4916.14380000002
Anonymous 14-11-22 09h35m,Paragraph6,353836.919,353945.236,0.0,3.0,108.31699999998091
Anonymous 14-11-22 09h35m,Paragraph5,353970.2333,358611.4072,20.0,28.0,4641.173899999994
Anonymous 14-11-22 09h35m,Figure,358611.4072,360052.8936,5.0,11.0,1441.4863999999943
Anonymous 14-11-22 09h35m,SubFigure3,358744.7233,359961.2327,5.0,9.0,1216.5093999999808
Anonymous 14-11-22 09h35m,Paragraph4,360086.2702,360202.8777,0.0,3.0,116.6074999999837
Anonymous 14-11-22 09h35m,Text_Area,360086.2702,360544.5438,1.0,5.0,458.2735999999568
Anonymous 14-11-22 09h35m,Paragraph2,360244.5382,360544.5438,1.0,2.0,300.00559999997495
Anonymous 14-11-22 09h35m,Text_Area,360611.1923,361836.0402,3.0,6.0,1224.8478999999934
Anonymous 14-11-22 09h35m,Paragraph5,360986.122,361177.7997,1.0,1.0,191.6777000000002
Anonymous 14-11-22 09h35m,Paragraph4,361227.8289,361836.0402,1.0,1.0,608.2112999999663
Anonymous 14-11-22 09h35m,SubFigure2,361844.3694,361861.0315,0.0,1.0,16.662099999957718
Anonymous 14-11-22 09h35m,Figure,361844.3694,362394.3246,2.0,4.0,549.9551999999676
Anonymous 14-11-22 09h35m,SubFigure3,361936.0478,362211.0184,1.0,1.0,274.97060000000056
Anonymous 14-11-22 09h35m,SubFigure2,362211.0184,362394.3246,1.0,1.0,183.3061999999918
Anonymous 14-11-22 09h35m,Paragraph2,362469.3155,362627.6051,1.0,1.0,158.28959999996005
Anonymous 14-11-22 09h35m,Text_Area,362469.3155,365015.5971,11.0,16.0,2546.2815999999875
Anonymous 14-11-22 09h35m,Paragraph4,362727.6123,362794.2923,1.0,0.0,66.67999999999302
Anonymous 14-11-22 09h35m,Paragraph2,362794.2923,363052.5779,1.0,1.0,258.2856000000029
Anonymous 14-11-22 09h35m,Paragraph1,363102.5548,363294.2493,1.0,1.0,191.69450000004144
Anonymous 14-11-22 09h35m,Paragraph3,363294.2493,363635.8543,1.0,1.0,341.6049999999814
Anonymous 14-11-22 09h35m,Paragraph5,363677.5254,363819.1586,1.0,0.0,141.63320000004023
Anonymous 14-11-22 09h35m,Paragraph3,363819.1586,364235.8048,1.0,1.0,416.6461999999592
Anonymous 14-11-22 09h35m,Paragraph4,364277.4298,364632.3625,1.0,2.0,354.93270000000484
Anonymous 14-11-22 09h35m,Paragraph3,364657.3625,364874.0002,1.0,2.0,216.63770000002114
Anonymous 14-11-22 09h35m,Paragraph5,364923.9946,365007.2658,1.0,0.0,83.27120000001742
Anonymous 14-11-22 09h35m,Figure,365057.2708,368540.2423,11.0,14.0,3482.971499999985
Anonymous 14-11-22 09h35m,SubFigure2,365215.5764,365398.8927,1.0,1.0,183.31630000000587
Anonymous 14-11-22 09h35m,SubFigure3,365423.8889,368415.2791,10.0,10.0,2991.3901999999653
Anonymous 14-11-22 09h35m,Paragraph6,368556.9034,368673.5261,1.0,2.0,116.62270000000717
Anonymous 14-11-22 09h35m,Text_Area,368556.9034,369356.8348,4.0,7.0,799.9314000000013
Anonymous 14-11-22 09h35m,Paragraph5,368673.5261,369356.8348,3.0,5.0,683.3086999999941
Anonymous 14-11-22 09h35m,Figure,369415.1535,381476.8307,37.0,64.0,12061.677199999976
Anonymous 14-11-22 09h35m,SubFigure3,369531.797,379652.0317,30.0,52.0,10120.234699999972
Anonymous 14-11-22 09h35m,SubFigure2,379652.0317,379960.344,1.0,3.0,308.3122999999905
Anonymous 14-11-22 09h35m,SubFigure3,379985.3248,381476.8307,6.0,8.0,1491.5058999999892
Anonymous 14-11-22 09h35m,SubFigure3,381632.8618,382690.317,6.0,8.0,1057.4551999999676
Anonymous 14-11-22 09h35m,Figure,381632.8618,393666.3012,38.0,66.0,12033.439399999974
Anonymous 14-11-22 09h35m,SubFigure2,382723.6423,382973.5832,1.0,0.0,249.94089999998687
Anonymous 14-11-22 09h35m,SubFigure3,383131.8947,384153.9086,3.0,1.0,1022.0139000000199
Anonymous 14-11-22 09h35m,SubFigure2,384153.9086,384345.5644,1.0,2.0,191.65579999994952
Anonymous 14-11-22 09h35m,SubFigure3,384345.5644,385295.4932,4.0,6.0,949.9288000000524
Anonymous 14-11-22 09h35m,SubFigure2,385320.4422,385803.751,2.0,2.0,483.3087999999989
Anonymous 14-11-22 09h35m,SubFigure3,385803.751,388803.4296,8.0,20.0,2999.6785999999847
Anonymous 14-11-22 09h35m,SubFigure2,388803.4296,389903.2854,3.0,5.0,1099.8558000000194
Anonymous 14-11-22 09h35m,SubFigure1,389936.5948,390203.2334,1.0,2.0,266.6386000000057
Anonymous 14-11-22 09h35m,SubFigure3,390294.8901,390919.8269,2.0,3.0,624.9367999999668
Anonymous 14-11-22 09h35m,SubFigure2,390919.8269,391111.47,1.0,2.0,191.6430999999866
Anonymous 14-11-22 09h35m,SubFigure3,391774.8379,393457.9772,5.0,11.0,1683.139300000039
Anonymous 14-11-22 09h35m,SubFigure3,393682.9601,393824.5922,1.0,0.0,141.632099999988
Anonymous 14-11-22 09h35m,Figure,393682.9601,393824.5922,1.0,0.0,141.632099999988
Anonymous 14-11-22 09h35m,Paragraph6,393824.5922,394832.8396,4.0,8.0,1008.2473999999929
Anonymous 14-11-22 09h35m,Text_Area,393824.5922,399287.5764,17.0,40.0,5462.984200000006
Anonymous 14-11-22 09h35m,Paragraph6,395204.6548,395304.6653,0.0,2.0,100.01049999997485
Anonymous 14-11-22 09h35m,Paragraph6,395354.673,395504.6842,1.0,2.0,150.0112000000081
Anonymous 14-11-22 09h35m,Paragraph5,395546.2956,395612.9463,0.0,1.0,66.65069999999832
Anonymous 14-11-22 09h35m,Paragraph6,395612.9463,396096.222,2.0,1.0,483.2756999999983
Anonymous 14-11-22 09h35m,Paragraph6,396129.5527,396312.9046,1.0,2.0,183.35190000000875
Anonymous 14-11-22 09h35m,Paragraph6,396387.8557,398096.0175,4.0,10.0,1708.1618000000017
Anonymous 14-11-22 09h35m,Paragraph6,398312.6456,399195.8822,4.0,5.0,883.2366000000038
Anonymous 14-11-22 09h35m,SubFigure2,399304.2016,399362.5323,0.0,1.0,58.330700000049546
Anonymous 14-11-22 09h35m,Figure,399304.2016,399520.8821,1.0,1.0,216.68050000001676
Anonymous 14-11-22 09h35m,SubFigure3,399362.5323,399520.8821,1.0,0.0,158.34979999996722
Anonymous 14-11-22 09h35m,Text_Area,399520.8821,400479.0812,3.0,5.0,958.1991000000271
Anonymous 14-11-22 09h35m,Paragraph6,399629.1819,399787.4979,1.0,2.0,158.31599999999162
Anonymous 14-11-22 09h35m,Paragraph6,400012.4822,400370.7564,1.0,1.0,358.2741999999853
Anonymous 14-11-22 09h35m,SubFigure3,400487.4161,401079.0241,3.0,9.0,591.6080000000075
Anonymous 14-11-22 09h35m,Figure,400487.4161,401079.0241,3.0,9.0,591.6080000000075
Anonymous 14-11-22 09h35m,Text_Area,401245.66,429100.9114,94.0,132.0,27855.25140000001
Anonymous 14-11-22 09h35m,Paragraph6,401370.6412,402412.2027,5.0,7.0,1041.5615000000107
Anonymous 14-11-22 09h35m,Paragraph6,402445.5249,407011.7059,13.0,19.0,4566.180999999982
Anonymous 14-11-22 09h35m,Paragraph5,407120.028,407178.3409,0.0,1.0,58.312900000019
Anonymous 14-11-22 09h35m,Paragraph6,407211.6613,407728.3482,2.0,1.0,516.6869000000297
Anonymous 14-11-22 09h35m,Paragraph6,407761.6109,408186.5532,1.0,2.0,424.94229999999516
Anonymous 14-11-22 09h35m,Paragraph6,408261.5465,408344.9065,0.0,2.0,83.35999999998603
Anonymous 14-11-22 09h35m,Paragraph6,408369.8736,408544.8628,0.0,3.0,174.9892000000109
Anonymous 14-11-22 09h35m,Paragraph6,408594.9078,409378.0947,2.0,4.0,783.1869000000297
Anonymous 14-11-22 09h35m,Paragraph6,409511.4078,409603.0694,1.0,0.0,91.66159999999218
Anonymous 14-11-22 09h35m,Paragraph6,409661.4431,409753.0829,1.0,0.0,91.63980000000447
Anonymous 14-11-22 09h35m,Paragraph5,409919.7425,409944.6928,0.0,1.0,24.95030000002589
Anonymous 14-11-22 09h35m,Paragraph6,410044.6826,411286.2124,5.0,9.0,1241.5298000000184
Anonymous 14-11-22 09h35m,Paragraph1,411477.8582,412269.4587,2.0,1.0,791.6005000000005
Anonymous 14-11-22 09h35m,Paragraph3,412269.4587,415677.4298,10.0,7.0,3407.971099999966
Anonymous 14-11-22 09h35m,Paragraph6,415827.4,416827.2899,5.0,4.0,999.889899999951
Anonymous 14-11-22 09h35m,Paragraph6,416885.6415,420051.9432,13.0,15.0,3166.3016999999527
Anonymous 14-11-22 09h35m,Paragraph6,420310.2523,429100.9114,32.0,39.0,8790.65909999999
Anonymous 14-11-22 09h35m,SubFigure1,429175.9212,429492.5406,1.0,1.0,316.61940000002505
Anonymous 14-11-22 09h35m,Figure,429175.9212,429492.5406,1.0,1.0,316.61940000002505
Anonymous 14-11-22 09h35m,Paragraph6,429517.5387,430725.7669,6.0,4.0,1208.2282000000123
Anonymous 14-11-22 09h35m,Text_Area,429517.5387,430725.7669,6.0,4.0,1208.2282000000123
Anonymous 14-11-22 09h35m,SubFigure1,430725.7669,434092.0528,8.0,10.0,3366.285900000017
Anonymous 14-11-22 09h35m,Figure,430725.7669,434092.0528,8.0,10.0,3366.285900000017
Anonymous 14-11-22 09h35m,Paragraph6,434092.0528,435275.2409,4.0,7.0,1183.1880999999703
Anonymous 14-11-22 09h35m,Text_Area,434092.0528,435275.2409,4.0,7.0,1183.1880999999703
Anonymous 14-11-22 09h35m,SubFigure1,435350.2375,437258.3716,4.0,2.0,1908.1341000000248
Anonymous 14-11-22 09h35m,Figure,435350.2375,437258.3716,4.0,2.0,1908.1341000000248
Anonymous 14-11-22 09h35m,Text_Area,437258.3716,438058.3198,2.0,2.0,799.9481999999844
Anonymous 14-11-22 09h35m,Paragraph6,437383.3641,438058.3198,2.0,1.0,674.9556999999913
Anonymous 14-11-22 09h35m,SubFigure1,438058.3198,438783.1749,3.0,3.0,724.8550999999861
Anonymous 14-11-22 09h35m,Figure,438058.3198,438783.1749,3.0,3.0,724.8550999999861
Anonymous 14-11-22 09h35m,Paragraph6,438783.1749,439041.5184,1.0,1.0,258.34350000001723
Anonymous 14-11-22 09h35m,Text_Area,438783.1749,439041.5184,1.0,1.0,258.34350000001723
Anonymous 14-11-22 09h35m,SubFigure1,439091.4982,440141.3636,2.0,3.0,1049.8654000000097
Anonymous 14-11-22 09h35m,Figure,439091.4982,440141.3636,2.0,3.0,1049.8654000000097
Anonymous 14-11-22 09h35m,Text_Area,440166.3952,440707.9642,2.0,3.0,541.5689999999595
Anonymous 14-11-22 09h35m,Paragraph6,440316.3416,440707.9642,2.0,2.0,391.6226000000024
Anonymous 14-11-22 09h35m,SubFigure1,440707.9642,442116.1904,4.0,3.0,1408.2262000000337
Anonymous 14-11-22 09h35m,Figure,440707.9642,442116.1904,4.0,3.0,1408.2262000000337
Anonymous 14-11-22 09h35m,Paragraph6,442182.814,442891.0938,4.0,3.0,708.2797999999602
Anonymous 14-11-22 09h35m,Text_Area,442182.814,442891.0938,4.0,3.0,708.2797999999602
Anonymous 14-11-22 09h35m,SubFigure1,442932.7259,443282.6779,2.0,1.0,349.9519999999902
Anonymous 14-11-22 09h35m,Figure,442932.7259,443282.6779,2.0,1.0,349.9519999999902
Anonymous 14-11-22 09h35m,Paragraph6,443341.0384,445790.7568,9.0,10.0,2449.7183999999543
Anonymous 14-11-22 09h35m,Text_Area,443341.0384,446774.0053,12.0,19.0,3432.9668999999994
Anonymous 14-11-22 09h35m,Paragraph6,445865.7469,446774.0053,3.0,8.0,908.2583999999915
Anonymous 14-11-22 09h35m,Figure,446774.0053,448407.1484,4.0,8.0,1633.1430999999866
Anonymous 14-11-22 09h35m,SubFigure2,446882.3104,448348.8177,4.0,6.0,1466.5072999999975
Anonymous 14-11-22 09h35m,Paragraph6,448407.1484,449057.0569,3.0,3.0,649.9085000000196
Anonymous 14-11-22 09h35m,Text_Area,448407.1484,449057.0569,3.0,3.0,649.9085000000196
Anonymous 14-11-22 09h35m,Figure,449073.7192,450186.7783,3.0,6.0,1113.0591000000131
Anonymous 14-11-22 09h35m,SubFigure2,449132.0489,450061.7684,3.0,4.0,929.7195000000065
Anonymous 14-11-22 09h35m,SubFigure2,450278.4085,452903.0851,7.0,11.0,2624.676600000006
Anonymous 14-11-22 09h35m,Figure,450278.4085,453503.0027,9.0,15.0,3224.5941999999923
Anonymous 14-11-22 09h35m,SubFigure3,452961.4174,453186.3876,1.0,1.0,224.97020000003977
Anonymous 14-11-22 09h35m,SubFigure2,453236.4246,453419.6804,1.0,1.0,183.25579999998445
Anonymous 14-11-22 09h35m,Paragraph6,453503.0027,453702.9873,1.0,0.0,199.98459999996703
Anonymous 14-11-22 09h35m,Text_Area,453503.0027,454694.5578,3.0,7.0,1191.5550999999978
Anonymous 14-11-22 09h35m,Paragraph5,453702.9873,454519.5613,2.0,4.0,816.5740000000224
Anonymous 14-11-22 09h35m,Paragraph4,454611.2764,454694.5578,0.0,2.0,83.28140000003623
Anonymous 14-11-22 09h35m,SubFigure1,454736.2295,454944.535,1.0,2.0,208.30549999995856
Anonymous 14-11-22 09h35m,Figure,454736.2295,457524.3359,7.0,14.0,2788.1063999999897
Anonymous 14-11-22 09h35m,SubFigure2,455044.5239,456769.4165,4.0,6.0,1724.892600000021
Anonymous 14-11-22 09h35m,SubFigure3,456819.3472,457332.7178,2.0,3.0,513.3705999999656
Anonymous 14-11-22 09h35m,Paragraph6,457549.3197,458299.2194,3.0,6.0,749.899700000009
Anonymous 14-11-22 09h35m,Text_Area,457549.3197,461445.0696,11.0,21.0,3895.7498999999953
Anonymous 14-11-22 09h35m,Paragraph5,458374.2297,458649.2075,2.0,2.0,274.9777999999933
Anonymous 14-11-22 09h35m,Paragraph1,458690.8648,458974.1539,1.0,2.0,283.2890999999945
Anonymous 14-11-22 09h35m,Paragraph2,459540.7479,460128.5416,1.0,2.0,587.7936999999802
Anonymous 14-11-22 09h35m,Paragraph2,460278.5256,460486.8645,1.0,1.0,208.33890000003157
Anonymous 14-11-22 09h35m,Paragraph3,460553.5053,461270.067,2.0,2.0,716.561699999962
Anonymous 14-11-22 09h35m,Paragraph5,461286.7453,461303.4084,0.0,1.0,16.663100000005215
Anonymous 14-11-22 09h35m,Formula,461445.0696,468494.3067,29.0,39.0,7049.237100000028
Anonymous 14-11-22 09h35m,SubFigure2,468544.311,468552.6375,0.0,1.0,8.32650000002468
Anonymous 14-11-22 09h35m,Figure,468544.311,469402.4991,3.0,5.0,858.1881000000285
Anonymous 14-11-22 09h35m,SubFigure1,468594.3418,469402.4991,3.0,4.0,808.1573000000208
Anonymous 14-11-22 09h35m,Formula,469402.4991,469985.7812,2.0,3.0,583.2821000000113
Anonymous 14-11-22 09h35m,Figure,470010.7715,470835.6952,3.0,4.0,824.923700000043
Anonymous 14-11-22 09h35m,SubFigure1,470085.7954,470777.377,3.0,2.0,691.5815999999759
Anonymous 14-11-22 09h35m,Formula,470835.6952,471985.5861,6.0,9.0,1149.8908999999985
Anonymous 14-11-22 09h35m,SubFigure1,471993.8982,475285.1954,9.0,19.0,3291.29720000003
Anonymous 14-11-22 09h35m,Figure,471993.8982,478451.5167,20.0,36.0,6457.618499999982
Anonymous 14-11-22 09h35m,SubFigure2,475318.5299,476635.0353,4.0,3.0,1316.5053999999654
Anonymous 14-11-22 09h35m,SubFigure1,476743.3884,477051.6911,1.0,1.0,308.3027000000002
Anonymous 14-11-22 09h35m,SubFigure2,477101.6608,477126.6568,0.0,1.0,24.995999999984633
Anonymous 14-11-22 09h35m,SubFigure3,477126.6568,477551.6037,3.0,4.0,424.9468999999808
Anonymous 14-11-22 09h35m,SubFigure2,477601.6032,477859.9209,1.0,0.0,258.31770000001416
Anonymous 14-11-22 09h35m,SubFigure1,477909.9102,478176.5421,1.0,0.0,266.6319000000367
Anonymous 14-11-22 09h35m,SubFigure2,478176.5421,478368.2026,1.0,2.0,191.66049999999814
Anonymous 14-11-22 09h35m,Text_Area,478451.5167,479001.4607,3.0,5.0,549.9440000000177
Anonymous 14-11-22 09h35m,SubFigure1,479051.451,480026.3293,3.0,4.0,974.8782999999821
Anonymous 14-11-22 09h35m,Figure,479051.451,494008.136,43.0,57.0,14956.684999999998
Anonymous 14-11-22 09h35m,SubFigure2,480026.3293,480701.3261,2.0,3.0,674.9968000000226
Anonymous 14-11-22 09h35m,SubFigure1,480701.3261,480909.5776,1.0,2.0,208.25150000001304
Anonymous 14-11-22 09h35m,SubFigure2,480967.8908,481201.2165,1.0,1.0,233.32569999998668
Anonymous 14-11-22 09h35m,SubFigure3,481201.2165,481926.1468,3.0,6.0,724.9303000000073
Anonymous 14-11-22 09h35m,SubFigure2,481934.49,482534.407,3.0,4.0,599.9170000000158
Anonymous 14-11-22 09h35m,SubFigure1,482534.407,482851.044,1.0,1.0,316.6369999999879
Anonymous 14-11-22 09h35m,SubFigure1,482901.0425,483284.3178,1.0,0.0,383.27530000003753
Anonymous 14-11-22 09h35m,SubFigure1,483300.9697,483600.9537,1.0,0.0,299.98399999999674
Anonymous 14-11-22 09h35m,SubFigure1,483625.9407,484217.5469,2.0,1.0,591.6062000000384
Anonymous 14-11-22 09h35m,SubFigure1,484234.2059,484625.8296,1.0,0.0,391.62369999999646
Anonymous 14-11-22 09h35m,SubFigure2,484642.4878,486433.9722,6.0,6.0,1791.4844000000157
Anonymous 14-11-22 09h35m,SubFigure3,486483.959,487783.809,4.0,2.0,1299.850000000035
Anonymous 14-11-22 09h35m,SubFigure2,487783.809,488017.1146,0.0,4.0,233.3055999999633
Anonymous 14-11-22 09h35m,SubFigure1,488667.065,488725.3985,0.0,2.0,58.333500000007916
Anonymous 14-11-22 09h35m,SubFigure2,488725.3985,489283.6746,2.0,1.0,558.2761000000173
Anonymous 14-11-22 09h35m,SubFigure3,489283.6746,492141.6714,5.0,6.0,2857.9967999999644
Anonymous 14-11-22 09h35m,SubFigure2,492141.6714,492358.3285,1.0,1.0,216.65710000001127
Anonymous 14-11-22 09h35m,SubFigure3,492374.984,494008.136,5.0,5.0,1633.1520000000019
Anonymous 14-11-22 09h35m,Formula,494091.4594,494766.3754,3.0,2.0,674.9160000000265
Anonymous 14-11-22 09h35m,SubFigure3,494766.3754,495457.9811,2.0,2.0,691.6056999999564
Anonymous 14-11-22 09h35m,Figure,494766.3754,495457.9811,2.0,2.0,691.6056999999564
Anonymous 14-11-22 09h35m,Formula,495557.9643,496066.2431,1.0,0.0,508.27880000002915
Anonymous 14-11-22 09h35m,SubFigure3,496066.2431,496732.852,3.0,4.0,666.608899999992
Anonymous 14-11-22 09h35m,Figure,496066.2431,503673.7578,24.0,53.0,7607.5147
Anonymous 14-11-22 09h35m,SubFigure1,496741.1711,497682.7188,3.0,8.0,941.5476999999955
Anonymous 14-11-22 09h35m,SubFigure3,497691.0454,498499.3061,2.0,9.0,808.2606999999844
Anonymous 14-11-22 09h35m,SubFigure2,498549.2951,499382.5452,2.0,2.0,833.2501000000047
Anonymous 14-11-22 09h35m,SubFigure2,499432.5416,499799.165,1.0,5.0,366.6233999999822
Anonymous 14-11-22 09h35m,SubFigure1,499882.4726,500382.4219,2.0,1.0,499.9493000000366
Anonymous 14-11-22 09h35m,SubFigure1,500407.4542,501132.3531,2.0,2.0,724.8989000000292
Anonymous 14-11-22 09h35m,SubFigure3,501140.6747,501715.6143,2.0,7.0,574.9396000000415
Anonymous 14-11-22 09h35m,SubFigure2,501807.2606,501915.6352,1.0,1.0,108.37460000003921
Anonymous 14-11-22 09h35m,SubFigure1,501965.6271,502640.5418,2.0,4.0,674.914700000023
Anonymous 14-11-22 09h35m,SubFigure1,502690.5526,503115.4568,2.0,1.0,424.90419999998994
Anonymous 14-11-22 09h35m,SubFigure2,503115.4568,503657.0921,2.0,2.0,541.6353000000236
Anonymous 14-11-22 09h35m,SubFigure1,503715.3829,503873.7615,1.0,0.0,158.37859999999637
Anonymous 14-11-22 09h35m,Figure,503715.3829,505006.9282,5.0,6.0,1291.545299999998
Anonymous 14-11-22 09h35m,SubFigure1,503898.7484,504132.0048,1.0,0.0,233.25640000001295
Anonymous 14-11-22 09h35m,SubFigure2,504165.345,505006.9282,3.0,4.0,841.5832000000519
Anonymous 14-11-22 09h35m,SubFigure3,505256.8794,506115.1366,3.0,4.0,858.257200000051
Anonymous 14-11-22 09h35m,Figure,505256.8794,506115.1366,3.0,4.0,858.257200000051
Anonymous 14-11-22 09h35m,Formula,506148.4894,506298.4326,1.0,0.0,149.9431999999797
Anonymous 14-11-22 09h35m,Paragraph2,506415.0894,506706.7797,2.0,2.0,291.6903000000166
Anonymous 14-11-22 09h35m,Text_Area,506415.0894,508386.9241,9.0,19.0,1971.8347000000067
Anonymous 14-11-22 09h35m,Paragraph1,506706.7797,507015.0191,1.0,3.0,308.2393999999622
Anonymous 14-11-22 09h35m,Paragraph5,507031.6819,507398.3124,2.0,2.0,366.6304999999702
Anonymous 14-11-22 09h35m,Paragraph5,507440.0088,507856.6005,3.0,3.0,416.59169999998994
Anonymous 14-11-22 09h35m,Paragraph4,508078.6711,508286.9881,0.0,5.0,208.31700000003912
Anonymous 14-11-22 09h35m,Paragraph2,508403.6148,508545.2671,1.0,0.0,141.6523000000161
Anonymous 14-11-22 09h35m,Text_Area,508403.6148,512019.8599,14.0,25.0,3616.2451
Anonymous 14-11-22 09h35m,Paragraph1,508545.2671,509036.8944,2.0,3.0,491.62729999999283
Anonymous 14-11-22 09h35m,Paragraph5,509111.8549,509286.8469,1.0,1.0,174.99200000002747
Anonymous 14-11-22 09h35m,Paragraph6,509295.181,511128.3031,6.0,15.0,1833.1221000000369
Anonymous 14-11-22 09h35m,Paragraph5,511136.6391,511344.9342,1.0,2.0,208.29510000004666
Anonymous 14-11-22 09h35m,Paragraph4,511436.5915,512019.8599,3.0,2.0,583.2684000000008
Anonymous 14-11-22 09h35m,SubFigure1,512019.8599,512311.4909,1.0,1.0,291.63099999999395
Anonymous 14-11-22 09h35m,Figure,512019.8599,513211.3987,4.0,4.0,1191.5388000000385
Anonymous 14-11-22 09h35m,SubFigure2,512344.8194,512869.79,2.0,1.0,524.9706000000006
Anonymous 14-11-22 09h35m,SubFigure3,512903.1218,513211.3987,1.0,0.0,308.2768999999971
Anonymous 14-11-22 09h35m,Formula,513261.4361,513594.7406,2.0,1.0,333.3045000000275
Anonymous 14-11-22 09h35m,Figure,513594.7406,513694.7272,0.0,1.0,99.98660000000382
Anonymous 14-11-22 09h35m,SubFigure1,516794.3293,517802.6061,1.0,4.0,1008.2767999999924
Anonymous 14-11-22 09h35m,Figure,516794.3293,517802.6061,1.0,4.0,1008.2767999999924
Anonymous 14-11-22 09h35m,Paragraph6,518152.5132,518260.8337,0.0,3.0,108.32050000003073
Anonymous 14-11-22 09h35m,Text_Area,518152.5132,518260.8337,0.0,3.0,108.32050000003073
Anonymous 17-11-22 21h53m,Paragraph4,181.3684,214.7255,0.0,1.0,33.3571
Anonymous 17-11-22 21h53m,Text_Area,181.3684,214.7255,0.0,1.0,33.3571
Anonymous 17-11-22 21h53m,Figure,214.7255,439.6879,1.0,0.0,224.9624
Anonymous 17-11-22 21h53m,Text_Area,439.6879,6055.7259,13.0,13.0,5616.0380000000005
Anonymous 17-11-22 21h53m,Paragraph2,498.0258,622.9974,1.0,0.0,124.97159999999997
Anonymous 17-11-22 21h53m,Paragraph1,622.9974,5847.4176,11.0,11.0,5224.4202
Anonymous 17-11-22 21h53m,Paragraph1,5864.1035,6055.7259,1.0,0.0,191.6224000000002
Anonymous 17-11-22 21h53m,Paragraph1,6072.3775,6847.3241,1.0,1.0,774.9466000000002
Anonymous 17-11-22 21h53m,Text_Area,6072.3775,6847.3241,1.0,1.0,774.9466000000002
Anonymous 17-11-22 21h53m,Text_Area,6938.9672,11971.7214,10.0,9.0,5032.7542
Anonymous 17-11-22 21h53m,Paragraph1,7930.5332,11971.7214,9.0,9.0,4041.1882000000005
Anonymous 17-11-22 21h53m,Paragraph1,11988.3851,21487.3542,20.0,21.0,9498.969100000002
Anonymous 17-11-22 21h53m,Text_Area,11988.3851,29386.4553,36.0,39.0,17398.070200000002
Anonymous 17-11-22 21h53m,Paragraph1,21662.3236,28236.641,13.0,13.0,6574.3174
Anonymous 17-11-22 21h53m,Paragraph1,28686.5499,29311.4567,2.0,2.0,624.906799999997
Anonymous 17-11-22 21h53m,Figure,29386.4553,56733.4251,50.0,66.0,27346.9698
Anonymous 17-11-22 21h53m,SubFigure1,29686.4284,33444.3409,11.0,16.0,3757.912500000002
Anonymous 17-11-22 21h53m,SubFigure1,33919.3216,39027.0546,13.0,17.0,5107.733
Anonymous 17-11-22 21h53m,SubFigure1,39235.3717,56733.4251,24.0,32.0,17498.053399999997
Anonymous 17-11-22 21h53m,Text_Area,56733.4251,57233.4064,0.0,2.0,499.98129999999946
Anonymous 17-11-22 21h53m,SubFigure1,57233.4064,58166.6262,4.0,2.0,933.2197999999989
Anonymous 17-11-22 21h53m,Figure,57233.4064,58166.6262,4.0,2.0,933.2197999999989
Anonymous 17-11-22 21h53m,Text_Area,58166.6262,58241.5859,0.0,1.0,74.95969999999943
Anonymous 17-11-22 21h53m,SubFigure1,58766.5586,59108.1353,1.0,2.0,341.5767000000051
Anonymous 17-11-22 21h53m,Figure,58766.5586,60074.7112,5.0,5.0,1308.1526000000013
Anonymous 17-11-22 21h53m,SubFigure2,59108.1353,59499.7583,2.0,1.0,391.6229999999996
Anonymous 17-11-22 21h53m,SubFigure1,59499.7583,60074.7112,2.0,2.0,574.9528999999966
Anonymous 17-11-22 21h53m,Text_Area,60074.7112,70398.5443,34.0,38.0,10323.833099999996
Anonymous 17-11-22 21h53m,Paragraph3,60141.3687,64074.302,13.0,15.0,3932.9333000000042
Anonymous 17-11-22 21h53m,Paragraph3,64182.5977,67882.1854,11.0,11.0,3699.5877000000037
Anonymous 17-11-22 21h53m,Paragraph3,67907.1963,70273.5604,9.0,9.0,2366.364100000006
Anonymous 17-11-22 21h53m,SubFigure1,70406.9208,70890.2066,2.0,2.0,483.28579999999783
Anonymous 17-11-22 21h53m,Figure,70406.9208,72581.6486,6.0,8.0,2174.7277999999933
Anonymous 17-11-22 21h53m,SubFigure2,70890.2066,72223.3894,3.0,5.0,1333.182799999995
Anonymous 17-11-22 21h53m,SubFigure1,72256.6706,72581.6486,1.0,0.0,324.9780000000028
Anonymous 17-11-22 21h53m,Text_Area,72581.6486,73139.9198,2.0,3.0,558.2712000000029
Anonymous 17-11-22 21h53m,Paragraph3,72656.6259,73056.6098,2.0,1.0,399.98390000000654
Anonymous 17-11-22 21h53m,SubFigure1,73139.9198,73289.9057,1.0,0.0,149.98589999999967
Anonymous 17-11-22 21h53m,Figure,73139.9198,76272.9019,8.0,10.0,3132.982099999994
Anonymous 17-11-22 21h53m,SubFigure2,73306.569,75306.3394,3.0,2.0,1999.770399999994
Anonymous 17-11-22 21h53m,SubFigure1,75389.6798,76272.9019,4.0,6.0,883.222099999999
Anonymous 17-11-22 21h53m,Text_Area,76272.9019,86021.8736,30.0,34.0,9748.97170000001
Anonymous 17-11-22 21h53m,Paragraph3,76356.251,85938.5088,30.0,32.0,9582.257799999992
Anonymous 17-11-22 21h53m,SubFigure1,86021.8736,86446.7599,2.0,1.0,424.8862999999983
Anonymous 17-11-22 21h53m,Figure,86021.8736,133116.5984,99.0,122.0,47094.72479999998
Anonymous 17-11-22 21h53m,SubFigure2,86538.4306,87646.6352,4.0,5.0,1108.2045999999973
Anonymous 17-11-22 21h53m,SubFigure2,87913.262,87979.9403,0.0,2.0,66.67829999999958
Anonymous 17-11-22 21h53m,SubFigure2,87996.644,92454.4356,7.0,6.0,4457.791599999997
Anonymous 17-11-22 21h53m,SubFigure1,92487.7817,92654.4579,1.0,0.0,166.67619999998715
Anonymous 17-11-22 21h53m,SubFigure2,92687.7468,121292.8999,58.0,68.0,28605.15310000001
Anonymous 17-11-22 21h53m,SubFigure2,121342.9273,132766.6309,24.0,33.0,11423.703599999993
Anonymous 17-11-22 21h53m,SubFigure1,132766.6309,133116.5984,2.0,1.0,349.96749999999884
Anonymous 17-11-22 21h53m,Text_Area,133116.5984,147498.3095,50.0,60.0,14381.711100000015
Anonymous 17-11-22 21h53m,Paragraph2,133174.9457,133324.9557,1.0,0.0,150.0099999999802
Anonymous 17-11-22 21h53m,Paragraph1,133324.9557,133366.5663,0.0,1.0,41.61060000001453
Anonymous 17-11-22 21h53m,Paragraph3,133383.2327,133583.2136,1.0,1.0,199.98089999999502
Anonymous 17-11-22 21h53m,Paragraph5,133599.8736,134199.798,2.0,2.0,599.9244000000181
Anonymous 17-11-22 21h53m,Paragraph5,134224.8111,137366.1265,12.0,13.0,3141.3154000000213
Anonymous 17-11-22 21h53m,Paragraph5,137474.4453,138132.6802,2.0,3.0,658.2349000000104
Anonymous 17-11-22 21h53m,Paragraph5,138166.0275,139465.8973,5.0,8.0,1299.869800000015
Anonymous 17-11-22 21h53m,Paragraph5,139657.5575,140799.0682,2.0,2.0,1141.5107000000135
Anonymous 17-11-22 21h53m,Paragraph3,140832.396,141074.032,1.0,1.0,241.6359999999986
Anonymous 17-11-22 21h53m,Paragraph1,141090.7244,141249.0287,1.0,1.0,158.30429999998887
Anonymous 17-11-22 21h53m,Paragraph2,141282.3428,141765.6309,2.0,1.0,483.2880999999761
Anonymous 17-11-22 21h53m,Paragraph1,141765.6309,142423.8712,2.0,3.0,658.2403000000049
Anonymous 17-11-22 21h53m,Paragraph2,142423.8712,146173.4668,13.0,12.0,3749.5956000000006
Anonymous 17-11-22 21h53m,Paragraph1,146173.4668,147498.3095,5.0,5.0,1324.8427000000083
Anonymous 17-11-22 21h53m,Paragraph1,147515.007,149073.1876,3.0,3.0,1558.1805999999924
Anonymous 17-11-22 21h53m,Text_Area,147515.007,149073.1876,3.0,3.0,1558.1805999999924
Anonymous 17-11-22 21h53m,Paragraph1,149098.1436,156130.6932,22.0,24.0,7032.5495999999985
Anonymous 17-11-22 21h53m,Text_Area,149098.1436,189501.9868,114.0,119.0,40403.8432
Anonymous 17-11-22 21h53m,Paragraph2,156130.6932,182111.1607,73.0,74.0,25980.4675
Anonymous 17-11-22 21h53m,Paragraph4,182111.1607,182352.7893,1.0,0.0,241.62859999999637
Anonymous 17-11-22 21h53m,Paragraph3,182352.7893,189501.9868,18.0,21.0,7149.197500000009
Anonymous 17-11-22 21h53m,SubFigure2,189626.9819,189793.6984,1.0,2.0,166.71649999998044
Anonymous 17-11-22 21h53m,Figure,189626.9819,189793.6984,1.0,2.0,166.71649999998044
Anonymous 17-11-22 21h53m,Text_Area,189793.6984,204483.662,49.0,63.0,14689.963600000017
Anonymous 17-11-22 21h53m,Paragraph3,189893.6254,190043.6104,1.0,0.0,149.98500000001513
Anonymous 17-11-22 21h53m,Paragraph5,190068.6412,190193.6033,1.0,1.0,124.96209999997518
Anonymous 17-11-22 21h53m,Paragraph4,190235.2644,190368.5567,1.0,0.0,133.29230000000098
Anonymous 17-11-22 21h53m,Paragraph4,190426.9113,190643.5382,1.0,0.0,216.62690000000293
Anonymous 17-11-22 21h53m,Paragraph3,190701.8852,190885.1782,1.0,1.0,183.29300000000512
Anonymous 17-11-22 21h53m,Paragraph2,190926.8444,191210.1282,1.0,1.0,283.2838000000047
Anonymous 17-11-22 21h53m,Paragraph4,191443.4363,191576.7669,1.0,1.0,133.3305999999866
Anonymous 17-11-22 21h53m,Paragraph4,191610.1255,191843.4427,1.0,0.0,233.3172000000195
Anonymous 17-11-22 21h53m,Paragraph4,191860.0861,191968.4023,1.0,1.0,108.31620000000112
Anonymous 17-11-22 21h53m,Paragraph4,192060.0811,204483.662,39.0,49.0,12423.5809
Anonymous 17-11-22 21h53m,Formula,204550.3202,207924.9598,14.0,16.0,3374.639600000024
Anonymous 17-11-22 21h53m,Text_Area,207924.9598,208041.6267,0.0,1.0,116.66689999998198
Anonymous 17-11-22 21h53m,Formula,208416.5924,217240.597,24.0,31.0,8824.004600000015
Anonymous 17-11-22 21h53m,SubFigure1,217257.2553,218448.8285,5.0,6.0,1191.5732000000135
Anonymous 17-11-22 21h53m,Figure,217257.2553,218507.1053,5.0,7.0,1249.8500000000058
Anonymous 17-11-22 21h53m,Formula,218507.1053,218923.758,2.0,2.0,416.652700000006
Anonymous 17-11-22 21h53m,SubFigure1,219032.0855,221315.1276,4.0,7.0,2283.0421000000206
Anonymous 17-11-22 21h53m,Figure,219032.0855,221398.4519,4.0,8.0,2366.366399999999
Anonymous 17-11-22 21h53m,Formula,221398.4519,221906.7513,1.0,0.0,508.29940000001807
Anonymous 17-11-22 21h53m,SubFigure1,221965.0805,222565.018,3.0,3.0,599.9375
Anonymous 17-11-22 21h53m,Figure,221965.0805,222631.6497,3.0,4.0,666.5691999999981
Anonymous 17-11-22 21h53m,Figure,222756.6639,223098.2787,2.0,3.0,341.6147999999812
Anonymous 17-11-22 21h53m,SubFigure1,222789.9791,223098.2787,2.0,2.0,308.29959999999846
Anonymous 17-11-22 21h53m,Formula,223173.284,227331.1579,13.0,14.0,4157.873899999977
Anonymous 17-11-22 21h53m,Figure,227381.149,227481.1128,1.0,0.0,99.96379999999772
Anonymous 17-11-22 21h53m,Formula,227522.7991,228422.6962,3.0,3.0,899.897100000002
Anonymous 17-11-22 21h53m,Text_Area,228589.3778,233455.4543,18.0,18.0,4866.076500000025
Anonymous 17-11-22 21h53m,Paragraph5,228905.9733,229205.937,1.0,0.0,299.96369999999297
Anonymous 17-11-22 21h53m,Paragraph3,229222.5943,229914.2492,3.0,2.0,691.6548999999941
Anonymous 17-11-22 21h53m,Paragraph4,229947.5562,230189.1595,1.0,0.0,241.60330000001704
Anonymous 17-11-22 21h53m,Paragraph3,230230.821,233038.9037,10.0,8.0,2808.082699999999
Anonymous 17-11-22 21h53m,Paragraph5,233055.4936,233222.1617,1.0,0.0,166.66810000000987
Anonymous 17-11-22 21h53m,Paragraph4,233263.8742,233455.4543,1.0,0.0,191.58010000002105
Anonymous 17-11-22 21h53m,Formula,233547.1375,234430.3712,4.0,5.0,883.2336999999825
Anonymous 17-11-22 21h53m,Paragraph5,234538.6902,235096.9619,2.0,2.0,558.271699999983
Anonymous 17-11-22 21h53m,Text_Area,234538.6902,237721.6604,10.0,12.0,3182.9701999999816
Anonymous 17-11-22 21h53m,Paragraph5,235355.2398,235538.583,1.0,0.0,183.34320000000298
Anonymous 17-11-22 21h53m,Paragraph5,235555.2336,237655.0157,6.0,6.0,2099.782099999982
Anonymous 17-11-22 21h53m,SubFigure2,237721.6604,238046.6401,2.0,1.0,324.9796999999962
Anonymous 17-11-22 21h53m,Figure,237721.6604,238046.6401,2.0,1.0,324.9796999999962
Anonymous 17-11-22 21h53m,Text_Area,238046.6401,247545.5867,31.0,46.0,9498.946600000025
Anonymous 17-11-22 21h53m,Paragraph5,238188.2596,245845.7625,26.0,37.0,7657.502900000021
Anonymous 17-11-22 21h53m,Paragraph5,245970.7466,247453.9152,5.0,6.0,1483.1685999999754
Anonymous 17-11-22 21h53m,SubFigure2,247545.5867,248120.4946,3.0,5.0,574.9078999999911
Anonymous 17-11-22 21h53m,Figure,247545.5867,276892.3424,72.0,101.0,29346.75570000001
Anonymous 17-11-22 21h53m,SubFigure2,248345.5125,248803.7513,1.0,2.0,458.2387999999919
Anonymous 17-11-22 21h53m,SubFigure3,248803.7513,249095.419,1.0,1.0,291.6676999999909
Anonymous 17-11-22 21h53m,SubFigure2,249095.419,256161.285,17.0,30.0,7065.866000000009
Anonymous 17-11-22 21h53m,SubFigure3,256177.955,275442.4909,46.0,49.0,19264.535899999988
Anonymous 17-11-22 21h53m,SubFigure2,275442.4909,275717.5066,1.0,2.0,275.0157000000472
Anonymous 17-11-22 21h53m,SubFigure3,275734.1619,276592.3481,3.0,7.0,858.1861999999965
Anonymous 17-11-22 21h53m,SubFigure2,276600.6964,276709.0328,0.0,2.0,108.33639999997104
Anonymous 17-11-22 21h53m,Text_Area,276933.9923,291132.4226,45.0,119.0,14198.430300000007
Anonymous 17-11-22 21h53m,Paragraph5,276958.9928,277042.3154,1.0,0.0,83.32260000001406
Anonymous 17-11-22 21h53m,Paragraph6,277067.295,277600.5841,1.0,0.0,533.2890999999945
Anonymous 17-11-22 21h53m,Paragraph6,277867.2533,278842.1004,5.0,6.0,974.8471000000136
Anonymous 17-11-22 21h53m,Paragraph6,278892.131,281708.4795,10.0,16.0,2816.348500000022
Anonymous 17-11-22 21h53m,Paragraph6,281783.4684,281958.4482,1.0,2.0,174.97979999997187
Anonymous 17-11-22 21h53m,Paragraph6,282200.1516,285416.3742,12.0,30.0,3216.2226000000373
Anonymous 17-11-22 21h53m,Paragraph6,285474.7462,285808.0317,1.0,3.0,333.28549999999814
Anonymous 17-11-22 21h53m,Paragraph6,285858.0086,286049.6377,0.0,3.0,191.62910000002012
Anonymous 17-11-22 21h53m,Paragraph6,286107.9702,289824.2529,11.0,29.0,3716.2827000000398
Anonymous 17-11-22 21h53m,Paragraph6,289857.5648,290040.9221,0.0,3.0,183.3573000000324
Anonymous 17-11-22 21h53m,Paragraph6,290082.5301,291132.4226,2.0,14.0,1049.8925000000163
Anonymous 17-11-22 21h53m,SubFigure1,291132.4226,291857.3279,3.0,5.0,724.905299999984
Anonymous 17-11-22 21h53m,Figure,291132.4226,291857.3279,3.0,5.0,724.905299999984
Anonymous 17-11-22 21h53m,Text_Area,291857.3279,309888.6867,62.0,151.0,18031.358800000045
Anonymous 17-11-22 21h53m,Paragraph6,291965.6785,293973.7636,8.0,18.0,2008.0851000000257
Anonymous 17-11-22 21h53m,Paragraph6,294040.447,295881.9019,7.0,18.0,1841.4549000000115
Anonymous 17-11-22 21h53m,Paragraph5,295973.5799,295998.6107,0.0,1.0,25.03080000000773
Anonymous 17-11-22 21h53m,Paragraph6,295998.6107,296148.575,1.0,0.0,149.96429999999236
Anonymous 17-11-22 21h53m,Paragraph5,296781.798,296806.7928,0.0,1.0,24.994799999985844
Anonymous 17-11-22 21h53m,Paragraph6,297406.7494,298823.2353,6.0,6.0,1416.4859000000288
Anonymous 17-11-22 21h53m,Paragraph6,298881.5737,299056.5759,1.0,3.0,175.00219999998808
Anonymous 17-11-22 21h53m,Paragraph6,299098.212,299481.5193,0.0,7.0,383.30729999998584
Anonymous 17-11-22 21h53m,Paragraph6,299506.4995,299881.47,2.0,1.0,374.9704999999958
Anonymous 17-11-22 21h53m,Paragraph6,299973.1194,300148.0951,0.0,4.0,174.97569999995176
Anonymous 17-11-22 21h53m,Paragraph6,300306.396,301831.26,4.0,16.0,1524.8640000000014
Anonymous 17-11-22 21h53m,Paragraph6,301939.5622,302781.1625,3.0,7.0,841.600299999991
Anonymous 17-11-22 21h53m,Paragraph6,302806.1254,303489.4053,3.0,5.0,683.279899999965
Anonymous 17-11-22 21h53m,Paragraph4,303556.0534,303597.6988,0.0,1.0,41.645400000037625
Anonymous 17-11-22 21h53m,Paragraph6,303606.0462,305905.8276,9.0,13.0,2299.7814000000362
Anonymous 17-11-22 21h53m,Paragraph6,305997.4481,309888.6867,14.0,26.0,3891.2386000000406
Anonymous 17-11-22 21h53m,Figure,309888.6867,311721.8307,6.0,10.0,1833.1439999999711
Anonymous 17-11-22 21h53m,SubFigure1,309947.0475,310363.6504,1.0,0.0,416.60289999999804
Anonymous 17-11-22 21h53m,SubFigure2,310421.9481,310613.6352,1.0,3.0,191.6871000000392
Anonymous 17-11-22 21h53m,SubFigure1,310621.9835,311555.1854,3.0,4.0,933.2019000000437
Anonymous 17-11-22 21h53m,SubFigure2,311571.885,311721.8307,1.0,0.0,149.94569999998203
Anonymous 17-11-22 21h53m,Formula,311813.4577,311946.8093,1.0,2.0,133.3515999999945
Anonymous 17-11-22 21h53m,Paragraph6,312921.6963,312946.7062,0.0,1.0,25.009900000004563
Anonymous 17-11-22 21h53m,Text_Area,312921.6963,313088.3302,0.0,5.0,166.63390000001527
Anonymous 17-11-22 21h53m,SubFigure1,313104.9825,313629.949,1.0,1.0,524.9665000000386
Anonymous 17-11-22 21h53m,Figure,313104.9825,313654.9672,1.0,2.0,549.98470000003
Anonymous 17-11-22 21h53m,Text_Area,315004.8026,315279.7602,1.0,2.0,274.9576000000234
