,FixID,Fixation X,Fixation Y,Fixation Start,Fixation End,Fixation Duration,Fixation Dispersion,Paragraph1,Paragraph2,Paragraph3,Paragraph4,Paragraph5,Paragraph6,Text_Area,SubFigure1,SubFigure2,SubFigure3,Figure,Formula
0,1.0,952.8727,495.6481,133.1086,358.082,224.9734,0.2948,0,0,0,1,0,0,1,0,0,0,0,0
1,2.0,460.2509,170.6456,566.4076,708.1011,141.6935,0.11800000000000001,1,0,0,0,0,0,1,0,0,0,0,0
2,3.0,214.1108,166.5022,783.0360000000001,891.3651,108.3291,0.185,0,0,0,0,0,0,0,0,0,0,0,0
3,4.0,210.4464,198.8214,908.0385,1141.3419,233.3034,0.2571,1,0,0,0,0,0,1,0,0,0,0,0
4,5.0,289.7661,190.399,1182.9961,1349.6581,166.662,0.1125,1,0,0,0,0,0,1,0,0,0,0,0
5,6.0,394.2505,174.3449,1407.9906,1566.3332,158.3426,0.231,1,0,0,0,0,0,1,0,0,0,0,0
6,7.0,295.6923,193.4231,1658.0043,1766.2772,108.2729,0.1691,1,0,0,0,0,0,1,0,0,0,0,0
7,8.0,397.1248,188.4718,1807.9277,2107.9248,299.9971,0.2116,1,0,0,0,0,0,1,0,0,0,0,0
8,9.0,468.4133,190.4615,2149.5662,2541.1908,391.6247,0.3129,1,0,0,0,0,0,1,0,0,0,0,0
9,10.0,425.0494,194.6464,2557.8607,2832.8089,274.9482,0.2019,1,0,0,0,0,0,1,0,0,0,0,0
10,11.0,472.244,194.5291,2874.4862,3032.7945,158.3083,0.325,1,0,0,0,0,0,1,0,0,0,0,0
11,12.0,409.9992,185.5368,3074.4571,3224.4373,149.9802,0.2724,1,0,0,0,0,0,1,0,0,0,0,0
12,13.0,378.7143,192.7857,3291.11,3432.7467,141.6367,0.1603,1,0,0,0,0,0,1,0,0,0,0,0
13,14.0,465.0475,191.7015,3482.785,3682.7301,199.945,0.1911,1,0,0,0,0,0,1,0,0,0,0,0
14,15.0,511.2007,182.0001,3716.0764,3857.7348,141.6584,0.1226,1,0,0,0,0,0,1,0,0,0,0,0
15,16.0,185.2177,237.4442,3907.6912,4341.0048,433.3136,0.2502,1,0,0,0,0,0,1,0,0,0,0,0
16,17.0,242.2052,235.6605,4357.6885,4707.6317,349.9431,0.2302,1,0,0,0,0,0,1,0,0,0,0,0
17,18.0,215.1445,214.572,4724.3006,4807.6131,83.3125,0.0595,1,0,0,0,0,0,1,0,0,0,0,0
18,19.0,259.9394,229.5758,4832.6158,5107.558,274.9423,0.4491,1,0,0,0,0,0,1,0,0,0,0,0
19,20.0,322.125,219.25,5124.2192,5390.8584,266.6392,0.1297,1,0,0,0,0,0,1,0,0,0,0,0
20,21.0,415.9271,207.3848,5407.5228,5690.8259,283.3031,0.2168,1,0,0,0,0,0,1,0,0,0,0,0
21,22.0,454.4401,200.4508,5707.4889,5874.138000000001,166.649,0.2113,1,0,0,0,0,0,1,0,0,0,0,0
22,23.0,165.4802,239.2857,5949.1395,6440.745,491.6056,0.3243,1,0,0,0,0,0,1,0,0,0,0,0
23,24.0,469.0903,190.766,6790.7405,6932.3649,141.6245,0.2415,1,0,0,0,0,0,1,0,0,0,0,0
24,25.0,1299.4002,337.5022,7140.6949,7207.3326,66.6376,0.1013,0,0,0,0,0,0,0,0,0,0,0,0
25,26.0,1302.3889,203.9444,7282.3214,7357.3183,74.9969,0.0845,0,0,0,0,0,0,0,0,0,0,0,1
26,27.0,416.5055,208.1752,7440.6303,7715.6331,275.0028,0.2851,1,0,0,0,0,0,1,0,0,0,0,0
27,28.0,451.3989,220.1492,7765.5958,7890.5845,124.9888,0.1446,1,0,0,0,0,0,1,0,0,0,0,0
28,29.0,339.7863,223.9284,7915.5774,8132.2298,216.6524,0.2239,1,0,0,0,0,0,1,0,0,0,0,0
29,30.0,257.1589,242.2059,8182.2308,8382.2026,199.9718,0.1741,1,0,0,0,0,0,1,0,0,0,0,0
30,31.0,216.3519,250.3704,8423.869,8648.8309,224.9619,0.1325,1,0,0,0,0,0,1,0,0,0,0,0
31,32.0,280.5199,243.5753,8673.8276,8907.1793,233.3516,0.2187,1,0,0,0,0,0,1,0,0,0,0,0
32,33.0,340.6923,249.3205,8932.1311,9265.4259,333.2948,0.1938,1,0,0,0,0,0,1,0,0,0,0,0
33,34.0,398.7449,238.0627,9282.1058,9598.7297,316.6239,0.2224,1,0,0,0,0,0,1,0,0,0,0,0
34,35.0,451.5007,235.7185,9640.3965,9798.7303,158.3338,0.1811,1,0,0,0,0,0,1,0,0,0,0,0
35,36.0,488.7917,229.75,9840.3716,9940.3662,99.9946,0.1443,1,0,0,0,0,0,1,0,0,0,0,0
36,37.0,115.2353,269.3529,9998.711,10140.3434,141.6324,0.1905,1,0,0,0,0,0,1,0,0,0,0,0
37,38.0,190.5924,274.1747,10173.6777,10398.6334,224.9557,0.2758,1,0,0,0,0,0,1,0,0,0,0,0
38,39.0,252.27,274.6675,10457.0192,11031.9171,574.898,0.3707,1,0,0,0,0,0,1,0,0,0,0,0
39,40.0,302.2931,258.8448,11048.6125,11290.2024,241.5899,0.2192,1,0,0,0,0,0,1,0,0,0,0,0
40,41.0,351.2158,265.8791,11331.9051,11631.8691,299.964,0.17800000000000002,1,0,0,0,0,0,1,0,0,0,0,0
41,42.0,401.4067,264.8151,11681.8634,11890.1518,208.2884,0.2245,1,0,0,0,0,0,1,0,0,0,0,0
42,43.0,494.6153,244.3677,11923.4974,12140.1501,216.6526,0.2049,1,0,0,0,0,0,1,0,0,0,0,0
43,44.0,465.3596,261.0024,12165.1201,12306.7579,141.6378,0.2453,1,0,0,0,0,0,1,0,0,0,0,0
44,45.0,179.7109,292.0644,12381.7474,12765.037,383.2896,0.2215,1,0,0,0,0,0,1,0,0,0,0,0
45,46.0,456.3979,273.0808,12815.0427,13181.6762,366.6335,0.2322,1,0,0,0,0,0,1,0,0,0,0,0
46,47.0,204.0013,308.3889,13406.6328,13523.2887,116.6559,0.1173,1,0,0,0,0,0,1,0,0,0,0,0
47,48.0,280.8428,290.9007,13548.3321,14073.2283,524.8962,0.3155,1,0,0,0,0,0,1,0,0,0,0,0
48,49.0,337.9545,286.4697,14106.5588,14381.5271,274.9684,0.1917,1,0,0,0,0,0,1,0,0,0,0,0
49,50.0,405.3134,283.256,14398.1927,14956.4766,558.2839,0.2273,1,0,0,0,0,0,1,0,0,0,0,0
50,51.0,328.1672,287.2331,14981.4676,15373.086000000001,391.6184,0.2432,1,0,0,0,0,0,1,0,0,0,0,0
51,52.0,368.9971,289.4007,15489.7447,15556.4348,66.6901,0.1374,1,0,0,0,0,0,1,0,0,0,0,0
52,53.0,423.94199999999995,278.2905,15639.7439,15889.6897,249.9458,0.2352,1,0,0,0,0,0,1,0,0,0,0,0
53,54.0,472.2636,279.2634,15898.0408,16264.678999999998,366.6383,0.1703,1,0,0,0,0,0,1,0,0,0,0,0
54,55.0,176.558,318.5513,16306.3396,16681.3359,374.9963,0.1777,1,0,0,0,0,0,1,0,0,0,0,0
55,56.0,176.1467,432.2564,16722.9502,17039.5643,316.6141,0.2969,0,0,1,0,0,0,1,0,0,0,0,0
56,57.0,270.0199,423.38,17072.894,17289.5379,216.6438,0.1675,0,0,1,0,0,0,1,0,0,0,0,0
57,58.0,353.8532,399.0583,17314.5327,17581.1688,266.6361,0.2799,0,0,1,0,0,0,1,0,0,0,0,0
58,59.0,456.56199999999995,403.6882,17622.8324,17931.1306,308.2982,0.2836,0,0,1,0,0,0,1,0,0,0,0,0
59,60.0,181.0487,448.5266,18039.4529,18464.4104,424.9575,0.3136,0,0,1,0,0,0,1,0,0,0,0,0
60,61.0,452.4714,400.9298,18531.067,18822.7558,291.6888,0.2487,0,0,1,0,0,0,1,0,0,0,0,0
61,62.0,153.1672,449.9537,18856.0314,19089.349,233.3176,0.2242,0,0,1,0,0,0,1,0,0,0,0,0
62,63.0,223.6694,441.2051,19122.6718,19472.6336,349.9618,0.1971,0,0,1,0,0,0,1,0,0,0,0,0
63,64.0,311.1758,439.5364,19489.363,19814.2575,324.8945,0.2244,0,0,1,0,0,0,1,0,0,0,0,0
64,65.0,228.8462,438.1154,19864.2517,19972.5707,108.319,0.1541,0,0,1,0,0,0,1,0,0,0,0,0
65,66.0,190.7835,436.4509,20030.9055,20289.2039,258.2984,0.23199999999999998,0,0,1,0,0,0,1,0,0,0,0,0
66,67.0,296.5503,445.2478,20314.2019,20539.182,224.9801,0.3348,0,0,1,0,0,0,1,0,0,0,0,0
67,68.0,347.4883,438.4826,20555.8846,20855.8201,299.9355,0.2439,0,0,1,0,0,0,1,0,0,0,0,0
68,69.0,219.5355,426.455,20964.1315,21414.0809,449.9495,0.2043,0,0,1,0,0,0,1,0,0,0,0,0
69,70.0,301.6147,420.295,21472.4104,21764.0429,291.6325,0.2132,0,0,1,0,0,0,1,0,0,0,0,0
70,71.0,179.1924,417.9084,21805.7102,21997.4023,191.6921,0.3297,0,0,1,0,0,0,1,0,0,0,0,0
71,72.0,192.5287,202.3821,22055.6743,22288.9826,233.3083,0.1995,1,0,0,0,0,0,1,0,0,0,0,0
72,73.0,650.4591,162.4434,22339.0389,22547.302000000003,208.2631,0.2356,0,0,0,0,0,0,0,0,0,0,0,0
73,74.0,124.8998,415.6493,22655.6292,22763.9342,108.3049,0.1264,0,0,1,0,0,0,1,0,0,0,0,0
74,75.0,153.6022,434.7067,22772.26,22888.9322,116.6721,0.1913,0,0,1,0,0,0,1,0,0,0,0,0
75,76.0,151.0001,200.0476,22922.266,23138.9011,216.635,0.1415,1,0,0,0,0,0,1,0,0,0,0,0
76,77.0,633.4134,162.7799,23222.2145,23438.8858,216.6712,0.1786,0,0,0,0,0,0,0,0,0,0,0,0
77,78.0,733.9249,177.2139,23497.1891,23638.8505,141.6615,0.2213,0,1,0,0,0,0,1,0,0,0,0,0
78,79.0,808.5556,164.3056,23655.5055,23805.4938,149.9883,0.182,0,0,0,0,0,0,0,0,0,0,0,0
79,80.0,685.0504,160.8003,23872.1652,23988.8121,116.6469,0.1937,0,0,0,0,0,0,0,0,0,0,0,0
80,81.0,340.8812,199.61900000000003,24113.7914,24313.8189,200.0275,0.2092,1,0,0,0,0,0,1,0,0,0,0,0
81,82.0,366.0742,192.0007,24338.8001,24580.4081,241.608,0.2032,1,0,0,0,0,0,1,0,0,0,0,0
82,83.0,433.3493,190.7486,24813.7038,24947.0199,133.316,0.1971,1,0,0,0,0,0,1,0,0,0,0,0
83,84.0,493.0946,182.7989,24997.0186,25180.3357,183.3171,0.2028,1,0,0,0,0,0,1,0,0,0,0,0
84,85.0,364.4169,181.7707,25238.6917,25480.2922,241.6005,0.1137,1,0,0,0,0,0,1,0,0,0,0,0
85,86.0,406.2083,191.4167,25505.3123,25655.2905,149.9783,0.2432,1,0,0,0,0,0,1,0,0,0,0,0
86,87.0,190.0718,243.5055,26280.2089,26413.5635,133.3546,0.1808,1,0,0,0,0,0,1,0,0,0,0,0
87,88.0,214.8197,193.9161,27413.4223,27571.7399,158.3177,0.1813,1,0,0,0,0,0,1,0,0,0,0,0
88,89.0,156.2727,222.6843,39687.0651,39978.6943,291.6292,0.2277,1,0,0,0,0,0,1,0,0,0,0,0
89,90.0,312.3331,198.3324,41078.5666,41153.5817,75.0152,0.2086,1,0,0,0,0,0,1,0,0,0,0,0
90,91.0,1295.9265,187.6424,167297.9227,167381.2351,83.3124,0.2783,0,0,0,0,0,0,0,0,0,0,0,1
91,92.0,1373.7162,196.1449,167464.5604,167547.8993,83.3389,0.2105,0,0,0,0,0,0,0,0,0,0,0,1
92,93.0,1586.9988,196.9998,167814.5335,167914.5241,99.9905,0.2432,0,0,0,0,0,0,0,0,0,0,0,1
93,94.0,1674.1364,211.7273,167972.8562,168064.50699999998,91.6508,0.2256,0,0,0,0,0,0,0,0,0,0,0,1
94,95.0,1460.8334,232.234,172344.2742,172502.5861,158.312,0.1978,0,0,0,0,0,0,0,0,0,0,0,1
95,96.0,1372.5413,212.672,172552.5977,172844.241,291.6433,0.2482,0,0,0,0,0,0,0,0,0,0,0,1
96,97.0,1310.6571,217.3413,172860.9079,173060.8921,199.9842,0.2226,0,0,0,0,0,0,0,0,0,0,0,1
97,98.0,1416.6685,205.6984,173110.848,173277.5114,166.6634,0.2509,0,0,0,0,0,0,0,0,0,0,0,1
98,99.0,1481.2356,216.8731,173310.858,173485.8089,174.9508,0.302,0,0,0,0,0,0,0,0,0,0,0,1
99,100.0,1547.4738,236.1853,173502.4725,174602.3538,1099.8813,0.3435,0,0,0,0,0,0,0,0,0,0,0,1
100,101.0,1625.9899,232.8343,174635.6991,174918.9793,283.2802,0.2078,0,0,0,0,0,0,0,0,0,0,0,1
101,102.0,1688.4916,227.0375,174935.643,175318.9462,383.3031,0.3114,0,0,0,0,0,0,0,0,0,0,0,1
102,103.0,1728.307,227.4751,175377.2958,176577.1822,1199.8863,0.3714,0,0,0,0,0,0,0,0,0,0,0,1
103,104.0,1704.4375,246.0,176593.7939,176660.4826,66.6887,0.1117,0,0,0,0,0,0,0,0,0,0,0,1
104,105.0,1720.5624,219.1902,176743.8147,177093.7353,349.9206,0.2485,0,0,0,0,0,0,0,0,0,0,0,1
105,106.0,1630.75,238.7833,177135.4005,177393.7066,258.3061,0.2301,0,0,0,0,0,0,0,0,0,0,0,1
106,107.0,1394.9391,282.8601,177818.6762,178068.6639,249.9878,0.298,0,0,0,0,0,0,0,0,0,0,0,1
107,108.0,1465.4287,279.3131,178076.9789,178368.6086,291.6296,0.2793,0,0,0,0,0,0,0,0,0,0,0,1
108,109.0,1680.3911,231.6523,178410.2818,178676.9346,266.6527,0.2998,0,0,0,0,0,0,0,0,0,0,0,1
109,110.0,1636.3668,258.6385,178685.2438,179093.5276,408.2838,0.2195,0,0,0,0,0,0,0,0,0,0,0,1
110,111.0,1682.4412,257.2124,179110.1939,179418.4828,308.2889,0.2558,0,0,0,0,0,0,0,0,0,0,0,1
111,112.0,1710.8198,257.2723,179443.4955,179801.7991,358.3035,0.2067,0,0,0,0,0,0,0,0,0,0,0,1
112,113.0,1720.2227,253.7372,179885.1039,180368.3974,483.2936,0.3035,0,0,0,0,0,0,0,0,0,0,0,1
113,114.0,1489.0996,294.6995,180535.0525,180618.3598,83.3073,0.2246,0,0,0,0,0,0,0,0,0,0,0,1
114,115.0,1264.1938,447.8441,180660.07100000003,180810.0106,149.9396,0.2742,0,0,0,0,0,0,0,1,0,0,1,0
115,116.0,1244.9418,609.8527,180843.3272,181068.2972,224.97,0.2797,0,0,0,0,0,0,0,1,0,0,1,0
116,117.0,1316.776,674.0862,181184.9511,181434.9256,249.9746,0.2699,0,0,0,0,0,0,0,1,0,0,1,0
117,118.0,1266.3305,594.7003,181484.9604,181601.6388,116.6784,0.2601,0,0,0,0,0,0,0,1,0,0,1,0
118,119.0,1238.1233,608.7515,181684.9022,181809.8808,124.9786,0.3999,0,0,0,0,0,0,0,1,0,0,1,0
119,120.0,1213.5225,627.5129,181818.2135,182034.8761,216.6626,0.315,0,0,0,0,0,0,0,1,0,0,1,0
120,121.0,1199.4056,665.4338,182068.1859,182351.4997,283.3138,0.3248,0,0,0,0,0,0,0,1,0,0,1,0
121,122.0,1249.1555,590.1928,182434.8239,182676.4706,241.6467,0.2586,0,0,0,0,0,0,0,1,0,0,1,0
122,123.0,1296.677,607.2402,182709.8538,183034.76899999997,324.9152,0.3124,0,0,0,0,0,0,0,1,0,0,1,0
123,124.0,1212.9786,612.2521,183068.0758,183334.7162,266.6405,0.2856,0,0,0,0,0,0,0,1,0,0,1,0
124,125.0,1295.3765,616.9981,183368.1415,183484.695,116.5535,0.1989,0,0,0,0,0,0,0,1,0,0,1,0
125,126.0,1297.151,628.2205,183584.6995,183734.7231,150.0236,0.2175,0,0,0,0,0,0,0,1,0,0,1,0
126,127.0,1339.9999,647.2002,183834.7046,183951.3671,116.6624,0.2449,0,0,0,0,0,0,0,1,0,0,1,0
127,128.0,1638.625,235.4167,184067.9929,184167.9545,99.9616,0.235,0,0,0,0,0,0,0,0,0,0,0,1
128,129.0,1729.5203,208.3379,184226.2909,184334.6726,108.3816,0.2219,0,0,0,0,0,0,0,0,0,0,0,1
129,130.0,1735.1002,238.0099,184351.3188,184634.5978,283.279,0.3548,0,0,0,0,0,0,0,0,0,0,0,1
130,131.0,1757.5,251.4375,184651.3383,184717.9225,66.5842,0.1396,0,0,0,0,0,0,0,0,0,0,0,1
131,132.0,1712.7743,233.9464,184726.2596,185259.5033,533.2436,0.4141,0,0,0,0,0,0,0,0,0,0,0,1
132,133.0,1671.6466,232.1679,185401.2109,185942.7812,541.5703,0.4063,0,0,0,0,0,0,0,0,0,0,0,1
133,134.0,1720.1656,236.852,185959.4212,186734.4401,775.0189,0.3831,0,0,0,0,0,0,0,0,0,0,0,1
134,135.0,1247.625,569.3125,186850.9903,186984.3081,133.3178,0.3036,0,0,0,0,0,0,0,1,0,0,1,0
135,136.0,1323.4136,656.5146,187459.2867,187534.3079,75.0212,0.1845,0,0,0,0,0,0,0,1,0,0,1,0
136,137.0,1322.1405,663.2539999999999,187800.9948,187934.2639,133.2692,0.212,0,0,0,0,0,0,0,1,0,0,1,0
137,138.0,1332.0964,662.5214,188017.52800000002,188259.1693,241.6413,0.2224,0,0,0,0,0,0,0,1,0,0,1,0
138,139.0,1671.1878,247.1249,188350.9016,188517.5426,166.641,0.2124,0,0,0,0,0,0,0,0,0,0,0,1
139,140.0,1727.889,237.7794,188534.2359,188892.5388,358.3029,0.3582,0,0,0,0,0,0,0,0,0,0,0,1
140,141.0,1629.4799,228.0397,188909.0972,189142.4502,233.35299999999998,0.3283,0,0,0,0,0,0,0,0,0,0,0,1
141,142.0,1525.7105,245.7105,189159.1225,189317.3838,158.2613,0.1486,0,0,0,0,0,0,0,0,0,0,0,1
142,143.0,1567.0529999999999,229.6328,189334.05399999997,189450.7617,116.7077,0.1762,0,0,0,0,0,0,0,0,0,0,0,1
143,144.0,1246.6666,612.1679,189975.6682,190075.65399999998,99.9858,0.1047,0,0,0,0,0,0,0,1,0,0,1,0
144,145.0,1238.7153,508.9997,190425.6102,190508.9241,83.3139,0.1397,0,0,0,0,0,0,0,1,0,0,1,0
145,146.0,1240.5847,387.0962,190758.905,191025.5376,266.6326,0.2272,0,0,0,0,0,0,0,1,0,0,1,0
146,147.0,1304.9878,382.0327,191125.5281,191442.1548,316.6267,0.2432,0,0,0,0,0,0,0,0,0,0,1,0
147,148.0,1436.3369,384.2373,191467.1919,191817.1231,349.9312,0.3054,0,0,0,0,0,0,0,0,1,0,1,0
148,149.0,1527.3269,379.7282,191917.1303,192175.4037,258.2734,0.2678,0,0,0,0,0,0,0,0,0,0,1,0
149,150.0,1489.868,395.3364,192250.4098,192425.3733,174.9634,0.2582,0,0,0,0,0,0,0,0,1,0,1,0
150,151.0,1288.704,415.7946,192517.0479,192775.3342,258.2863,0.2868,0,0,0,0,0,0,0,1,0,0,1,0
151,152.0,1246.7177,537.5702,192883.6886,192975.3137,91.6251,0.2024,0,0,0,0,0,0,0,1,0,0,1,0
152,153.0,1267.3472,501.9654,193150.3185,193375.27300000002,224.9545,0.131,0,0,0,0,0,0,0,1,0,0,1,0
153,154.0,1306.1683,551.8375,193408.6462,193691.9746,283.3284,0.2165,0,0,0,0,0,0,0,1,0,0,1,0
154,155.0,1251.2864,483.6457,193975.2317,194116.8766,141.6449,0.1833,0,0,0,0,0,0,0,1,0,0,1,0
155,156.0,1286.0456,617.7983,194741.7872,194983.4447,241.6576,0.4305,0,0,0,0,0,0,0,1,0,0,1,0
156,157.0,1257.7554,412.5201,195016.7626,195325.0526,308.29,0.2112,0,0,0,0,0,0,0,1,0,0,1,0
157,158.0,1252.7078,450.1846,195425.0433,195700.0642,275.0209,0.2961,0,0,0,0,0,0,0,1,0,0,1,0
158,159.0,1241.8261,383.9903,195750.0064,196024.9994,274.993,0.2612,0,0,0,0,0,0,0,1,0,0,1,0
159,160.0,1294.6105,387.7321,196033.3629,196349.9728,316.6099,0.2234,0,0,0,0,0,0,0,1,0,0,1,0
160,161.0,1328.0789,392.5263,196374.9549,196533.2837,158.3288,0.1162,0,0,0,0,0,0,0,1,0,0,1,0
161,162.0,1245.6403,437.6269,197274.8599,197641.479,366.6191,0.3188,0,0,0,0,0,0,0,1,0,0,1,0
162,163.0,1387.5214,466.9801,198174.7892,198499.7738,324.9846,0.2516,0,0,0,0,0,0,0,0,1,0,1,0
163,164.0,1449.1788,485.941,198608.0635,198774.733,166.6695,0.1432,0,0,0,0,0,0,0,0,1,0,1,0
164,165.0,1437.7858,450.0714,200249.5728,200332.85100000002,83.2782,0.153,0,0,0,0,0,0,0,0,1,0,1,0
165,166.0,1464.6673,435.6686,200416.1653,200491.1788,75.0136,0.0918,0,0,0,0,0,0,0,0,1,0,1,0
166,167.0,1451.3315,451.3346,200682.793,200766.1178,83.3247,0.2004,0,0,0,0,0,0,0,0,1,0,1,0
167,168.0,1474.5938,500.9687,200782.7937,200974.44600000003,191.6523,0.2236,0,0,0,0,0,0,0,0,1,0,1,0
168,169.0,1421.9351,464.5719,201132.7453,201407.7124,274.9672,0.2232,0,0,0,0,0,0,0,0,1,0,1,0
169,170.0,1411.5725,429.5515,201499.37600000002,201882.6592,383.2833,0.1602,0,0,0,0,0,0,0,0,1,0,1,0
170,171.0,1473.0139,446.3286,201907.6567,202074.3072,166.6505,0.2972,0,0,0,0,0,0,0,0,1,0,1,0
171,172.0,1276.4661,429.3006,202191.0389,202324.2805,133.2416,0.1684,0,0,0,0,0,0,0,1,0,0,1,0
172,173.0,1255.2901,507.2173,202349.2757,202549.2583,199.9826,0.2933,0,0,0,0,0,0,0,1,0,0,1,0
173,174.0,1452.6422,504.5687,203882.4406,204149.0764,266.6358,0.2402,0,0,0,0,0,0,0,0,1,0,1,0
174,175.0,1448.4985,465.6469,204207.4522,204374.0526,166.6004,0.1925,0,0,0,0,0,0,0,0,1,0,1,0
175,176.0,1428.5468,411.1682,204407.3805,204824.0459,416.6655,0.1664,0,0,0,0,0,0,0,0,1,0,1,0
176,177.0,1461.6111,385.1111,204898.9936,204973.9851,74.9915,0.2002,0,0,0,0,0,0,0,0,1,0,1,0
177,178.0,1560.6106,385.6115,205040.6938,205165.6563,124.9625,0.1289,0,0,0,0,0,0,0,0,1,0,1,0
178,179.0,1543.491,395.3241,205324.00199999998,205390.7139,66.7118,0.14300000000000002,0,0,0,0,0,0,0,0,0,0,1,0
179,180.0,1491.5077,364.4938,205407.2698,205473.9834,66.7136,0.2871,0,0,0,0,0,0,0,0,0,0,0,0
180,181.0,1543.3158,383.4474,205757.2818,205915.5755,158.2936,0.2887,0,0,0,0,0,0,0,0,0,0,1,0
181,182.0,1471.6629999999998,443.6497,205973.8751,206140.5443,166.6692,0.2896,0,0,0,0,0,0,0,0,1,0,1,0
182,183.0,1443.8696,438.6233,206365.5269,206482.1989,116.67200000000001,0.2178,0,0,0,0,0,0,0,0,1,0,1,0
183,184.0,1471.3169,473.4268,206523.8929,206723.8213,199.9284,0.2466,0,0,0,0,0,0,0,0,1,0,1,0
184,185.0,1447.8571,440.0736,207848.6687,207923.6619,74.9932,0.2801,0,0,0,0,0,0,0,0,1,0,1,0
185,186.0,1445.4122,436.9449,207998.6826,208565.2621,566.5795,0.3202,0,0,0,0,0,0,0,0,1,0,1,0
186,187.0,1508.892,464.9183,208831.8931,209031.9031,200.0101,0.3054,0,0,0,0,0,0,0,0,1,0,1,0
187,188.0,1468.2278,462.4595,209273.5296,209398.5117,124.9821,0.3492,0,0,0,0,0,0,0,0,1,0,1,0
188,189.0,1469.8289,512.7584,209448.4986,209848.4992,400.0006,0.262,0,0,0,0,0,0,0,0,1,0,1,0
189,190.0,1483.8559,610.7135,211856.5612,212031.5446,174.9835,0.1609,0,0,0,0,0,0,0,0,1,0,1,0
190,191.0,1529.7489,632.734,212948.1116,213231.4298,283.3182,0.4938,0,0,0,0,0,0,0,0,1,0,1,0
191,192.0,1514.3044,698.8982,214956.2485,215022.8908,66.6423,0.2003,0,0,0,0,0,0,0,0,1,0,1,0
192,193.0,1563.8972,685.6144,215281.1885,215497.8387,216.6503,0.2291,0,0,0,0,0,0,0,0,1,0,1,0
193,194.0,1507.4166,704.3334,216797.6789,216872.6701,74.9912,0.1426,0,0,0,0,0,0,0,0,1,0,1,0
194,195.0,1503.7147,663.2609,219430.7801,219630.7708,199.9907,0.3388,0,0,0,0,0,0,0,0,1,0,1,0
195,196.0,825.2012,466.2942,220113.9983,220205.6868,91.6885,0.083,0,0,0,1,0,0,1,0,0,0,0,0
196,197.0,660.7505,425.7469,220338.9537,220405.6262,66.6725,0.0866,0,0,0,1,0,0,1,0,0,0,0,0
197,198.0,738.0604,410.6221,224471.8617,224563.4853,91.6236,0.2024,0,0,0,1,0,0,1,0,0,0,0,0
198,199.0,215.2498,444.5,227288.1823,227371.5069,83.3246,0.1819,0,0,1,0,0,0,1,0,0,0,0,0
199,200.0,214.0002,250.9992,234445.7579,234520.7226,74.9647,0.1301,1,0,0,0,0,0,1,0,0,0,0,0
200,201.0,214.1999,615.4487,256443.3204,256543.2998,99.9794,0.2367,0,0,0,0,1,0,1,0,0,0,0,0
201,202.0,1661.264,399.9994,269325.2405,269475.1842,149.9437,0.3385,0,0,0,0,0,0,0,0,0,1,1,0
202,203.0,1716.5,392.75,269591.85,269658.5423,66.6923,0.1573,0,0,0,0,0,0,0,0,0,1,1,0
203,204.0,1676.8335,454.3992,269891.8239,270041.7904,149.9665,0.1888,0,0,0,0,0,0,0,0,0,1,1,0
204,205.0,153.0584,616.8309,271874.9314,272183.2293,308.2979,0.2887,0,0,0,0,1,0,1,0,0,0,0,0
205,206.0,408.1057,591.3922,272283.2658,272408.2119,124.946,0.2945,0,0,0,0,1,0,1,0,0,0,0,0
206,207.0,431.9983,568.3332,272483.2037,272591.5248,108.3211,0.2941,0,0,0,0,0,0,1,0,0,0,0,0
207,208.0,173.5377,611.8552,272683.1941,272874.8488,191.6547,0.2071,0,0,0,0,1,0,1,0,0,0,0,0
208,209.0,393.9781,588.3703,273158.1606,273349.7963,191.6357,0.2054,0,0,0,0,1,0,1,0,0,0,0,0
209,210.0,1419.4935,429.7036,274316.3198,274391.3077,74.9879,0.0948,0,0,0,0,0,0,0,0,1,0,1,0
210,211.0,1469.6868,534.0012,284165.3085,284265.2264,99.9178,0.1153,0,0,0,0,0,0,0,0,1,0,1,0
211,212.0,1520.3497,647.5289,289622.9744,289931.2755,308.3011,0.3767,0,0,0,0,0,0,0,0,1,0,1,0
212,213.0,1506.9297,612.1876,290039.6174,290231.222,191.6046,0.2672,0,0,0,0,0,0,0,0,1,0,1,0
213,214.0,1486.1292,579.7106,290239.5555,290564.5395,324.98400000000004,0.2029,0,0,0,0,0,0,0,0,1,0,1,0
214,215.0,441.1206,598.0982,291464.46,291672.768,208.3079,0.1587,0,0,0,0,1,0,1,0,0,0,0,0
215,216.0,215.4642,630.8449,291764.4041,291931.0347,166.6306,0.1282,0,0,0,0,1,0,1,0,0,0,0,0
216,217.0,285.6875,619.75,292006.0461,292072.7048,66.6587,0.10099999999999999,0,0,0,0,1,0,1,0,0,0,0,0
217,218.0,313.8001,625.6001,292089.351,292206.0224,116.6714,0.1517,0,0,0,0,1,0,1,0,0,0,0,0
218,219.0,399.7107,616.7407,292256.0376,292655.9561,399.9186,0.3234,0,0,0,0,1,0,1,0,0,0,0,0
219,220.0,1439.8333,443.4333,292755.9596,292914.2745,158.3149,0.1225,0,0,0,0,0,0,0,0,1,0,1,0
220,221.0,1474.5777,442.4447,293089.2513,293414.2068,324.9555,0.3269,0,0,0,0,0,0,0,0,1,0,1,0
221,222.0,1497.1725,437.97900000000004,293839.1802,294039.137,199.9568,0.2641,0,0,0,0,0,0,0,0,1,0,1,0
222,223.0,1490.0417,445.5417,294114.1694,294214.1608,99.9913,0.201,0,0,0,0,0,0,0,0,1,0,1,0
223,224.0,1490.875,442.5749,294547.4143,294939.0426,391.6282,0.2048,0,0,0,0,0,0,0,0,1,0,1,0
224,225.0,1497.1562,492.6378,295355.6549,295572.3008,216.6459,0.185,0,0,0,0,0,0,0,0,1,0,1,0
225,226.0,1468.1,493.75,295680.6206,295763.9975,83.3769,0.16399999999999998,0,0,0,0,0,0,0,0,1,0,1,0
226,227.0,1479.3569,493.624,295888.9358,295997.2842,108.3484,0.1996,0,0,0,0,0,0,0,0,1,0,1,0
227,228.0,252.8328,683.6659,299813.5443,299888.5075,74.9631,0.1561,0,0,0,0,1,0,1,0,0,0,0,0
228,229.0,1483.9952,531.15,301563.3226,301779.9485,216.6259,0.2862,0,0,0,0,0,0,0,0,1,0,1,0
229,230.0,1500.6483,569.8909,301813.2764,301921.7029,108.4266,0.2875,0,0,0,0,0,0,0,0,1,0,1,0
230,231.0,353.9999,685.0003,305296.2369,305412.901,116.6641,0.172,0,0,0,0,1,0,1,0,0,0,0,0
231,232.0,436.4292,637.0546,305462.8935,305687.8654,224.9719,0.212,0,0,0,0,1,0,1,0,0,0,0,0
232,233.0,154.0778,669.4997,306137.8337,306212.7899,74.9562,0.1991,0,0,0,0,1,0,1,0,0,0,0,0
233,234.0,249.8154,675.0625,306396.1258,306487.8134,91.6876,0.1221,0,0,0,0,1,0,1,0,0,0,0,0
234,235.0,256.7114,647.7133,306737.7424,306821.0874,83.3451,0.2548,0,0,0,0,1,0,1,0,0,0,0,0
235,236.0,193.4216,650.5773,307412.6638,307654.3124,241.6486,0.217,0,0,0,0,1,0,1,0,0,0,0,0
236,237.0,192.2086,684.8751,309437.447,309562.4195,124.9726,0.1134,0,0,0,0,1,0,1,0,0,0,0,0
237,238.0,156.8944,677.2294,319786.2906,320002.971,216.6804,0.33399999999999996,0,0,0,0,1,0,1,0,0,0,0,0
238,239.0,136.0978,679.0942,320927.8649,321036.1571,108.2923,0.2399,0,0,0,0,1,0,1,0,0,0,0,0
239,240.0,211.6608,672.9129,321186.1365,321361.1608,175.0243,0.305,0,0,0,0,1,0,1,0,0,0,0,0
240,241.0,314.7773,681.0555,321436.1652,321536.1001,99.935,0.1919,0,0,0,0,1,0,1,0,0,0,0,0
241,242.0,1438.0004,762.125,325131.7683,325215.0905,83.3222,0.29,0,0,0,0,0,0,0,0,1,0,1,0
242,243.0,1422.5404,771.9331,325290.0954,325581.7149,291.6196,0.2744,0,0,0,0,0,0,0,0,1,0,1,0
243,244.0,1471.2072,763.5313,325656.7259,326131.6495,474.9235,0.2986,0,0,0,0,0,0,0,0,1,0,1,0
244,245.0,1513.0656,760.0862,326248.3203,326531.6129,283.2926,0.2399,0,0,0,0,0,0,0,0,1,0,1,0
245,246.0,1480.4545,759.0455,326548.2976,326639.9611,91.6635,0.1618,0,0,0,0,0,0,0,0,1,0,1,0
246,247.0,1550.096,779.0135,326664.9452,326864.891,199.9459,0.2643,0,0,0,0,0,0,0,0,1,0,1,0
247,248.0,1484.3981,784.6026,326981.5528,327939.7872,958.2344,0.4193,0,0,0,0,0,0,0,0,1,0,1,0
248,249.0,1561.1570000000002,766.9808,327981.4738,328223.1337,241.6599,0.2574,0,0,0,0,0,0,0,0,1,0,1,0
249,250.0,1276.8387,488.3622,328406.3893,328639.6956,233.3063,0.2618,0,0,0,0,0,0,0,1,0,0,1,0
250,251.0,1463.5317,762.0487,328706.3547,328956.3814,250.0266,0.2468,0,0,0,0,0,0,0,0,1,0,1,0
251,252.0,1522.1,769.6,329031.3184,329156.3059,124.9876,0.1754,0,0,0,0,0,0,0,0,1,0,1,0
252,253.0,1290.5675,487.0144,329339.6928,329747.9172,408.2245,0.33899999999999997,0,0,0,0,0,0,0,1,0,0,1,0
253,254.0,1279.9985,609.3779,329772.9028,330097.9169,325.014,0.3426,0,0,0,0,0,0,0,1,0,0,1,0
254,255.0,1434.309,761.0557,330131.2507,330389.5446,258.29400000000004,0.3638,0,0,0,0,0,0,0,0,1,0,1,0
255,256.0,1508.5149,769.7917,330631.1434,330814.4758,183.3324,0.3648,0,0,0,0,0,0,0,0,1,0,1,0
256,257.0,1539.3778,775.6681,330981.1048,331306.0865,324.9817,0.2691,0,0,0,0,0,0,0,0,1,0,1,0
257,258.0,1513.7507,748.5505,331456.0571,331597.7142,141.6571,0.2079,0,0,0,0,0,0,0,0,1,0,1,0
258,259.0,1463.3485,765.8504,331672.7227,331789.3509,116.6282,0.2676,0,0,0,0,0,0,0,0,1,0,1,0
259,260.0,1507.0162,772.2637,332106.0125,332256.016,150.0035,0.2436,0,0,0,0,0,0,0,0,1,0,1,0
260,261.0,1461.6002,786.4054,332505.9366,332639.3396,133.403,0.3179,0,0,0,0,0,0,0,0,1,0,1,0
261,262.0,1561.3221,780.8422,332705.9269,332880.9371,175.0102,0.3012,0,0,0,0,0,0,0,0,1,0,1,0
262,263.0,1523.4424,753.5573,333005.9149,333155.8618,149.947,0.1783,0,0,0,0,0,0,0,0,1,0,1,0
263,264.0,1526.6178,631.726,333247.5474,333580.8458,333.2984,0.2483,0,0,0,0,0,0,0,0,1,0,1,0
264,265.0,1563.3205,697.7537,333680.8208,333847.5018,166.68099999999998,0.1973,0,0,0,0,0,0,0,0,1,0,1,0
265,266.0,1511.4757,783.9085,333914.1528,334055.7714,141.6186,0.1959,0,0,0,0,0,0,0,0,1,0,1,0
266,267.0,1476.4956,767.5060000000001,334072.4297,334155.7527,83.323,0.1857,0,0,0,0,0,0,0,0,1,0,1,0
267,268.0,1458.1849,517.6635,334255.7412,334330.7934,75.0521,0.2329,0,0,0,0,0,0,0,0,1,0,1,0
268,269.0,1482.7177,502.9935,334455.7342,334780.6979,324.9637,0.2513,0,0,0,0,0,0,0,0,1,0,1,0
269,270.0,1505.8027,549.2028,334814.0502,334914.0391,99.9888,0.2838,0,0,0,0,0,0,0,0,1,0,1,0
270,271.0,1534.1994,564.3106,334930.668,335014.0161,83.3481,0.1906,0,0,0,0,0,0,0,0,1,0,1,0
271,272.0,1429.884,444.6402,335055.6528,335313.9663,258.3135,0.1763,0,0,0,0,0,0,0,0,1,0,1,0
272,273.0,1443.0773,730.8465,335455.61,335630.6422,175.0322,0.2173,0,0,0,0,0,0,0,0,1,0,1,0
273,274.0,1465.5513,760.6684,335647.2998,335905.6215,258.3217,0.2685,0,0,0,0,0,0,0,0,1,0,1,0
274,275.0,1479.0,527.96,336072.2106,336280.5332,208.3226,0.2274,0,0,0,0,0,0,0,0,1,0,1,0
275,276.0,1523.6629,592.1661,336322.198,336422.1683,99.9703,0.3561,0,0,0,0,0,0,0,0,1,0,1,0
276,277.0,1525.6,592.5333,336505.4978,336630.5168,125.0189,0.2842,0,0,0,0,0,0,0,0,1,0,1,0
277,278.0,1542.6555,629.3969999999999,336655.5043,336947.1239,291.6196,0.2201,0,0,0,0,0,0,0,0,1,0,1,0
278,279.0,1564.2791,668.9232,337155.424,337430.4287,275.0047,0.2899,0,0,0,0,0,0,0,0,1,0,1,0
279,280.0,1525.4172,775.682,337630.3806,337955.3403,324.9597,0.2607,0,0,0,0,0,0,0,0,1,0,1,0
280,281.0,1531.6782,671.7446,338197.00299999997,338405.3004,208.2974,0.4333,0,0,0,0,0,0,0,0,1,0,1,0
281,282.0,1575.5615,679.0646,338430.3021,338546.9471,116.645,0.2903,0,0,0,0,0,0,0,0,1,0,1,0
282,283.0,1524.6318,672.9539,338746.9855,338905.2919,158.3064,0.1713,0,0,0,0,0,0,0,0,1,0,1,0
283,284.0,1580.642,604.883,338996.9224,339230.1898,233.2675,0.2872,0,0,0,0,0,0,0,0,1,0,1,0
284,285.0,1484.1072,776.8177,339363.5278,339755.1329,391.6051,0.3484,0,0,0,0,0,0,0,0,1,0,1,0
285,286.0,1506.8914,782.4266,339971.8124,340221.7544,249.942,0.2863,0,0,0,0,0,0,0,0,1,0,1,0
286,287.0,1528.4507,538.6334,340505.0504,340713.3664,208.3161,0.3354,0,0,0,0,0,0,0,0,1,0,1,0
287,288.0,1507.4999,479.6666,340730.0449,340880.0403,149.9954,0.2934,0,0,0,0,0,0,0,0,1,0,1,0
288,289.0,1519.9999,539.9551,341146.6569,341263.31,116.65299999999999,0.0835,0,0,0,0,0,0,0,0,1,0,1,0
289,290.0,1490.8998,527.0283,341271.6475,341454.9494,183.3018,0.2327,0,0,0,0,0,0,0,0,1,0,1,0
290,291.0,1447.9148,761.5814,341596.6007,341671.5921,74.9914,0.1851,0,0,0,0,0,0,0,0,1,0,1,0
291,292.0,1486.9531,759.1532,341679.9678,342188.1989,508.2312,0.3325,0,0,0,0,0,0,0,0,1,0,1,0
292,293.0,1515.7396,569.7505,342271.5253,342379.8586,108.3334,0.2988,0,0,0,0,0,0,0,0,1,0,1,0
293,294.0,1532.2498,533.0374,342429.8733,342621.4998,191.6265,0.1954,0,0,0,0,0,0,0,0,1,0,1,0
294,295.0,1489.251,517.172,342629.834,342779.8165,149.9825,0.2441,0,0,0,0,0,0,0,0,1,0,1,0
295,296.0,1523.4187,531.2573,342879.7939,343038.1099,158.316,0.2758,0,0,0,0,0,0,0,0,1,0,1,0
296,297.0,1470.8903,757.4437,343154.7932,343279.7466,124.9533,0.1787,0,0,0,0,0,0,0,0,1,0,1,0
297,298.0,1494.9281,754.2559,343354.7873,343538.0766,183.2893,0.2995,0,0,0,0,0,0,0,0,1,0,1,0
298,299.0,1516.0969,798.0109,343596.37799999997,343846.3488,249.9708,0.2946,0,0,0,0,0,0,0,0,1,0,1,0
299,300.0,1537.3595,590.4339,344054.674,345179.5661,1124.8921,0.3468,0,0,0,0,0,0,0,0,1,0,1,0
300,301.0,1507.1169,579.5791,345262.8761,345562.869,299.9929,0.2023,0,0,0,0,0,0,0,0,1,0,1,0
301,302.0,1526.4758,604.9231,345629.5442,345912.8004,283.2562,0.3016,0,0,0,0,0,0,0,0,1,0,1,0
302,303.0,1555.3965,614.2329,345937.7998,346104.4803,166.6805,0.2344,0,0,0,0,0,0,0,0,1,0,1,0
303,304.0,1487.3948,642.7238,346429.4148,346546.0632,116.6484,0.3407,0,0,0,0,0,0,0,0,1,0,1,0
304,305.0,1503.0578,746.0166,346629.3747,346779.4099,150.0352,0.2196,0,0,0,0,0,0,0,0,1,0,1,0
305,306.0,1535.0966,785.6137,346804.3647,347112.7114,308.3468,0.3566,0,0,0,0,0,0,0,0,1,0,1,0
306,307.0,1529.5932,608.7892,347720.9395,347795.9341,74.9946,0.2779,0,0,0,0,0,0,0,0,1,0,1,0
307,308.0,1512.6245,658.1178,347879.2538,348104.2341,224.9803,0.2713,0,0,0,0,0,0,0,0,1,0,1,0
308,309.0,1574.1657,697.8915,348379.2164,348504.1673,124.9509,0.255,0,0,0,0,0,0,0,0,1,0,1,0
309,310.0,1558.8921,778.3897,348595.8603,348804.2004,208.34,0.2176,0,0,0,0,0,0,0,0,1,0,1,0
310,311.0,1565.8124,684.1528,348962.4751,349237.4305,274.9555,0.2739,0,0,0,0,0,0,0,0,1,0,1,0
311,312.0,1561.1067,685.4487,349354.0775,349520.7381,166.6606,0.2574,0,0,0,0,0,0,0,0,1,0,1,0
312,313.0,1553.7971,784.3987,349620.7262,349737.3631,116.6369,0.3025,0,0,0,0,0,0,0,0,1,0,1,0
313,314.0,1549.0001,788.2273,349854.0184,350004.0182,149.9997,0.3278,0,0,0,0,0,0,0,0,1,0,1,0
314,315.0,1528.251,783.8003,350262.3246,350720.6197,458.2952,0.2832,0,0,0,0,0,0,0,0,1,0,1,0
315,316.0,1576.5644,673.2261,350953.9172,351237.2155,283.2982,0.3797,0,0,0,0,0,0,0,0,1,0,1,0
316,317.0,1547.1862,630.4059,351370.5236,351520.5147,149.9911,0.1462,0,0,0,0,0,0,0,0,1,0,1,0
317,318.0,1568.2994,596.1957,351553.8377,351662.185,108.3474,0.2393,0,0,0,0,0,0,0,0,1,0,1,0
318,319.0,1567.5499,682.9278,351887.1711,352137.1005,249.9294,0.2914,0,0,0,0,0,0,0,0,1,0,1,0
319,320.0,1678.6107,746.8721,353178.68299999996,353278.7221,100.0391,0.1553,0,0,0,0,0,0,0,0,0,1,1,0
320,321.0,1688.5553,572.6391,353353.6314,353486.9521,133.3207,0.2613,0,0,0,0,0,0,0,0,0,1,1,0
321,322.0,339.2176,607.8257,354020.229,354228.5792,208.3502,0.2732,0,0,0,0,1,0,1,0,0,0,0,0
322,323.0,310.3608,689.8283,354745.2093,354903.4741,158.2648,0.3314,0,0,0,0,1,0,1,0,0,0,0,0
323,324.0,385.3326,682.0024,354920.1264,355011.7961,91.6697,0.1533,0,0,0,0,1,0,1,0,0,0,0,0
324,325.0,404.001,708.0834,355036.8092,355111.8183,75.0091,0.1737,0,0,0,0,1,0,1,0,0,0,0,0
325,326.0,449.3412,707.0876,355195.1497,355286.7649,91.6152,0.2832,0,0,0,0,1,0,1,0,0,0,0,0
326,327.0,199.8333,706.7222,355995.0166,356070.0465,75.0299,0.2392,0,0,0,0,1,0,1,0,0,0,0,0
327,328.0,157.7205,721.689,356169.9977,356328.3377,158.34,0.2924,0,0,0,0,1,0,1,0,0,0,0,0
328,329.0,198.50799999999998,721.5777,356344.9892,356636.6097,291.6205,0.2262,0,0,0,0,1,0,1,0,0,0,0,0
329,330.0,279.9447,720.7245,356661.5988,356761.6053,100.0065,0.201,0,0,0,0,1,0,1,0,0,0,0,0
330,331.0,289.5958,724.4948,356853.2643,356936.5877,83.3234,0.1701,0,0,0,0,1,0,1,0,0,0,0,0
331,332.0,323.3103,709.5811,357019.8928,358003.1313,983.2385,0.3924,0,0,0,0,1,0,1,0,0,0,0,0
332,333.0,461.3916,716.363,358303.1001,358603.0833,299.9833,0.389,0,0,0,0,1,0,1,0,0,0,0,0
333,334.0,1604.3495,485.3425,358769.7514,358919.6999,149.9485,0.3289,0,0,0,0,0,0,0,0,0,1,1,0
334,335.0,681.4204,182.1608,360286.1997,360469.5256,183.326,0.2086,0,1,0,0,0,0,1,0,0,0,0,0
335,336.0,162.8334,607.6667,360986.12200000003,361052.795,66.673,0.0904,0,0,0,0,1,0,1,0,0,0,0,0
336,337.0,634.0409999999999,193.139,362844.2627,363019.2292,174.9665,0.1953,0,1,0,0,0,0,1,0,0,0,0,0
337,338.0,179.3371,255.9496,363169.2128,363269.24299999996,100.0303,0.2355,1,0,0,0,0,0,1,0,0,0,0,0
338,339.0,152.7482,524.8734,364765.6453,364848.9474,83.3021,0.2204,0,0,1,0,0,0,1,0,0,0,0,0
339,340.0,134.757,570.8218,364932.3412,365057.2708,124.9296,0.4095,0,0,0,0,0,0,1,0,0,0,0,0
340,341.0,1556.5509,508.9744,365215.5764,365398.8927,183.3162,0.2187,0,0,0,0,0,0,0,0,1,0,1,0
341,342.0,1680.5361,502.8926,365423.8889,365598.894,175.005,0.1447,0,0,0,0,0,0,0,0,0,1,1,0
342,343.0,1665.9016,418.1308,365615.5371,365765.5132,149.9761,0.2641,0,0,0,0,0,0,0,0,0,1,1,0
343,344.0,1638.826,421.6303,365815.5192,366057.1739,241.6547,0.161,0,0,0,0,0,0,0,0,0,1,1,0
344,345.0,1668.2102,445.2633,366082.1763,366282.1378,199.9615,0.1848,0,0,0,0,0,0,0,0,0,1,1,0
345,346.0,1636.4789,410.3197,366340.4809,366598.7613,258.2804,0.2215,0,0,0,0,0,0,0,0,0,1,1,0
346,347.0,1671.2487,442.1386,366615.4413,366907.0894,291.6481,0.2378,0,0,0,0,0,0,0,0,0,1,1,0
347,348.0,1693.9242,486.8,366915.4658,367165.3607,249.8949,0.3357,0,0,0,0,0,0,0,0,0,1,1,0
348,349.0,1702.8074,517.4509,367173.6928,367698.6312,524.9385,0.2869,0,0,0,0,0,0,0,0,0,1,1,0
349,350.0,1682.3381,536.836,367715.3442,368006.9361,291.592,0.1963,0,0,0,0,0,0,0,0,0,1,1,0
350,351.0,1719.9186,544.8445,368023.6537,368381.9031,358.2493,0.3292,0,0,0,0,0,0,0,0,0,1,1,0
351,352.0,320.908,722.2284,368865.1865,368981.83700000006,116.6505,0.2316,0,0,0,0,1,0,1,0,0,0,0,0
352,353.0,411.108,711.5874,369056.8866,369215.1342,158.2476,0.1984,0,0,0,0,1,0,1,0,0,0,0,0
353,354.0,1720.875,412.75,369565.1125,369631.8079,66.6954,0.2744,0,0,0,0,0,0,0,0,0,1,1,0
354,355.0,1699.3623,500.7488,370348.341,370490.0334,141.6924,0.2599,0,0,0,0,0,0,0,0,0,1,1,0
355,356.0,1662.6875,458.3125,371877.9548,371944.59,66.6352,0.124,0,0,0,0,0,0,0,0,0,1,1,0
356,357.0,1661.4939,458.58,372044.5448,372319.5057,274.9609,0.1868,0,0,0,0,0,0,0,0,0,1,1,0
357,358.0,1706.9971,522.9677,372344.5228,373136.0831,791.5603,0.3646,0,0,0,0,0,0,0,0,0,1,1,0
358,359.0,1757.4704,538.46,373152.7473,373344.3916,191.6443,0.3909,0,0,0,0,0,0,0,0,0,1,1,0
359,360.0,1715.75,513.25,373352.7253,373536.0552,183.33,0.1823,0,0,0,0,0,0,0,0,0,1,1,0
360,361.0,1671.0661,486.99300000000005,373552.7172,373677.6992,124.9819,0.2516,0,0,0,0,0,0,0,0,0,1,1,0
361,362.0,1676.9482,459.3449,373694.3533,373960.9901,266.6368,0.3411,0,0,0,0,0,0,0,0,0,1,1,0
362,363.0,1715.9811,465.7078,374002.6527,374252.626,249.9733,0.2904,0,0,0,0,0,0,0,0,0,1,1,0
363,364.0,1649.641,481.898,374269.2913,374785.9021,516.6108,0.3653,0,0,0,0,0,0,0,0,0,1,1,0
364,365.0,1662.3,447.0333,374794.2338,374919.2181,124.9843,0.2409,0,0,0,0,0,0,0,0,0,1,1,0
365,366.0,1692.77,469.8817,374935.8969,375110.86600000004,174.96900000000002,0.3207,0,0,0,0,0,0,0,0,0,1,1,0
366,367.0,1719.1041,470.625,375119.1974,375335.8409,216.6435,0.2854,0,0,0,0,0,0,0,0,0,1,1,0
367,368.0,1690.378,462.1831,375352.5412,375435.8299,83.2888,0.255,0,0,0,0,0,0,0,0,0,1,1,0
368,369.0,1689.0,423.5455,375519.1997,375610.8577,91.65799999999999,0.1031,0,0,0,0,0,0,0,0,0,1,1,0
369,370.0,1715.5625,417.0,375627.4975,375694.1361,66.6386,0.28,0,0,0,0,0,0,0,0,0,1,1,0
370,371.0,1697.8751,584.4376,375852.4486,375952.44,99.9914,0.1766,0,0,0,0,0,0,0,0,0,1,1,0
371,372.0,1661.0865,611.7761,375985.7703,376227.4085,241.6383,0.3984,0,0,0,0,0,0,0,0,0,1,1,0
372,373.0,1712.2359,525.4458,377702.2454,378027.2079,324.9624,0.4033,0,0,0,0,0,0,0,0,0,1,1,0
373,374.0,1702.335,452.50199999999995,378210.5218,378552.1521,341.6303,0.3428,0,0,0,0,0,0,0,0,0,1,1,0
374,375.0,1725.5153,471.9349,378677.1376,378943.7765,266.6388,0.3456,0,0,0,0,0,0,0,0,0,1,1,0
375,376.0,1697.1979,620.5045,379235.4094,379302.0658,66.6564,0.1651,0,0,0,0,0,0,0,0,0,1,1,0
376,377.0,1504.371,492.6901,379777.0184,379926.9993,149.9809,0.2567,0,0,0,0,0,0,0,0,1,0,1,0
377,378.0,1626.5057,638.4997,380418.6536,380510.2688,91.6152,0.1729,0,0,0,0,0,0,0,0,0,1,1,0
378,379.0,1688.8508,519.1939,381151.8787,381426.8367,274.95799999999997,0.2693,0,0,0,0,0,0,0,0,0,1,1,0
379,380.0,1697.0932,608.1122,384395.5438,384670.5197,274.9759,0.1905,0,0,0,0,0,0,0,0,0,1,1,0
380,381.0,1625.556,628.4521,384695.5134,384920.4979,224.9845,0.2389,0,0,0,0,0,0,0,0,0,1,1,0
381,382.0,1494.0377,754.2130000000001,385478.7571,385612.1127,133.3556,0.275,0,0,0,0,0,0,0,0,1,0,1,0
382,383.0,1681.5293,578.5625,386020.3811,386270.336,249.9549,0.3425,0,0,0,0,0,0,0,0,0,1,1,0
383,384.0,1647.2002,610.75,386328.7064,386436.9955,108.2891,0.2462,0,0,0,0,0,0,0,0,0,1,1,0
384,385.0,1643.8964,606.9027,386520.3103,386586.9705,66.6602,0.1076,0,0,0,0,0,0,0,0,0,1,1,0
385,386.0,1689.3215,492.7857,386786.9844,386928.6333,141.6488,0.162,0,0,0,0,0,0,0,0,0,1,1,0
386,387.0,1709.1991,448.185,386995.2989,387086.9158,91.6169,0.4949,0,0,0,0,0,0,0,0,0,1,1,0
387,388.0,1655.1670000000001,434.4441,387503.5501,387620.1965,116.6464,0.1432,0,0,0,0,0,0,0,0,0,1,1,0
388,389.0,1683.6653,482.00199999999995,387703.5114,387778.5021,74.9907,0.1732,0,0,0,0,0,0,0,0,0,1,1,0
389,390.0,1712.6876,521.3762,387911.8206,388020.1627,108.3421,0.2685,0,0,0,0,0,0,0,0,0,1,1,0
390,391.0,1693.8125,551.3124,388045.1393,388161.8096,116.6702,0.2721,0,0,0,0,0,0,0,0,0,1,1,0
391,392.0,1682.1658,601.8475,388195.1596,388278.4465,83.2869,0.5078,0,0,0,0,0,0,0,0,0,1,1,0
392,393.0,1697.4011,608.3947,391841.5017,391991.4923,149.9905,0.2777,0,0,0,0,0,0,0,0,0,1,1,0
393,394.0,436.5728,808.2856,395454.6277,395546.2956,91.6679,0.2214,0,0,0,0,0,1,1,0,0,0,0,0
394,395.0,807.4044,819.6478,396196.2279,396304.5365,108.3086,0.1309,0,0,0,0,0,1,1,0,0,0,0,0
395,396.0,208.6058,846.9632,397012.7938,397429.4062,416.6124,0.2709,0,0,0,0,0,1,1,0,0,0,0,0
396,397.0,337.1723,863.8553,397562.7262,397746.04,183.3138,0.4063,0,0,0,0,0,1,1,0,0,0,0,0
397,398.0,414.0532,837.3325,397904.37100000004,398004.3434,99.9724,0.3691,0,0,0,0,0,1,1,0,0,0,0,0
398,399.0,1604.8583,721.5475,399395.8614,399520.8821,125.0207,0.2453,0,0,0,0,0,0,0,0,0,1,1,0
399,400.0,372.5,828.9,399654.1959,399737.5056,83.3097,0.2464,0,0,0,0,0,1,1,0,0,0,0,0
400,401.0,260.125,795.4582,399804.146,399954.1802,150.0342,0.1484,0,0,0,0,0,0,1,0,0,0,0,0
401,402.0,206.8185,820.5643,400179.1125,400370.7564,191.6439,0.2566,0,0,0,0,0,1,1,0,0,0,0,0
402,403.0,1769.2057,547.5573,400487.4161,400704.0781,216.6619,0.3493,0,0,0,0,0,0,0,0,0,1,1,0
403,404.0,1683.1,519.6,400737.4059,400820.7284,83.3225,0.1818,0,0,0,0,0,0,0,0,0,1,1,0
404,405.0,866.6217,823.2487,403078.8185,403170.4625,91.64399999999999,0.139,0,0,0,0,0,1,1,0,0,0,0,0
405,406.0,746.6044,825.1054,408853.17799999996,408978.1445,124.9665,0.1746,0,0,0,0,0,1,1,0,0,0,0,0
406,407.0,745.8791,822.3277,409053.1837,409211.4408,158.2571,0.272,0,0,0,0,0,1,1,0,0,0,0,0
407,408.0,694.1443,825.4296,409236.5083,409361.4456,124.9373,0.0842,0,0,0,0,0,1,1,0,0,0,0,0
408,409.0,587.7693,799.3576,409594.7402,409719.7538,125.0136,0.6494,0,0,0,0,0,1,1,0,0,0,0,0
409,410.0,524.1248,811.3743,409986.3552,410053.0275,66.6724,0.1535,0,0,0,0,0,1,1,0,0,0,0,0
410,411.0,715.3659,810.0812,410369.6476,410602.9712,233.3236,0.2833,0,0,0,0,0,1,1,0,0,0,0,0
411,412.0,808.7513,827.1769,410761.32200000004,410986.2438,224.9217,0.3868,0,0,0,0,0,1,1,0,0,0,0,0
412,413.0,913.6057,828.467,411102.8988,411302.8938,199.995,0.2491,0,0,0,0,0,1,1,0,0,0,0,0
413,414.0,1312.7519,614.5001,436825.0699,436900.0511,74.9812,0.1654,0,0,0,0,0,0,0,1,0,0,1,0
414,415.0,1495.8808,736.8415,451061.612,451219.9229,158.3109,0.3235,0,0,0,0,0,0,0,0,1,0,1,0
415,416.0,1485.1297,748.4639999999999,451303.2681,451611.5593,308.2912,0.1918,0,0,0,0,0,0,0,0,1,0,1,0
416,417.0,1482.1513,759.3985,451853.21200000006,451961.5255,108.3135,0.1361,0,0,0,0,0,0,0,0,1,0,1,0
417,418.0,1475.0,784.7858,452319.8005,452511.4476,191.6471,0.2716,0,0,0,0,0,0,0,0,1,0,1,0
418,419.0,1442.7953,760.3224,452544.7778,452861.4111,316.6333,0.2792,0,0,0,0,0,0,0,0,1,0,1,0
419,420.0,1703.0434,779.2459,452978.0919,453186.3876,208.2957,0.2746,0,0,0,0,0,0,0,0,0,1,1,0
420,421.0,247.9998,685.0457,453911.3639,454069.6101,158.2462,0.1824,0,0,0,0,1,0,1,0,0,0,0,0
421,422.0,190.5354,607.1801,454119.6051,454469.5925,349.9874,0.3052,0,0,0,0,1,0,1,0,0,0,0,0
422,423.0,1519.125,723.1875,455327.8038,455394.4809,66.6771,0.2364,0,0,0,0,0,0,0,0,1,0,1,0
423,424.0,1710.5556,505.8333,457299.3475,457374.33700000006,74.9896,0.1466,0,0,0,0,0,0,0,0,0,1,1,0
424,425.0,657.3329,366.8338,460128.5416,460220.2131,91.6715,0.1334,0,0,0,0,0,0,1,0,0,0,0,0
425,426.0,681.6410000000001,222.0003,460328.5256,460461.8304,133.3047,0.2955,0,1,0,0,0,0,1,0,0,0,0,0
426,427.0,196.4291,424.9989,460553.5053,460886.786,333.2807,0.2926,0,0,1,0,0,0,1,0,0,0,0,0
427,428.0,168.9851,491.1911,460953.4411,461253.4014,299.9603,0.3138,0,0,1,0,0,0,1,0,0,0,0,0
428,429.0,1393.6466,232.0286,461595.0564,461786.7234,191.667,0.2105,0,0,0,0,0,0,0,0,0,0,0,1
429,430.0,1305.8203,205.4351,461803.3559,461961.6667,158.3107,0.2551,0,0,0,0,0,0,0,0,0,0,0,1
430,431.0,1579.1958,227.7136,462086.6497,462253.2897,166.64,0.3733,0,0,0,0,0,0,0,0,0,0,0,1
431,432.0,1383.14,273.06,462728.25200000004,462936.5494,208.2974,0.2374,0,0,0,0,0,0,0,0,0,0,0,1
432,433.0,1320.5347,223.5956,462961.5472,463411.5315,449.9843,0.2688,0,0,0,0,0,0,0,0,0,0,0,1
433,434.0,1545.1154,215.5769,463453.1659,463561.5191,108.3531,0.2812,0,0,0,0,0,0,0,0,0,0,0,1
434,435.0,1530.3118,242.5622,463611.4971,463686.4653,74.9682,0.2113,0,0,0,0,0,0,0,0,0,0,0,1
435,436.0,1611.8329999999999,229.5669,463703.1598,463853.1456,149.9858,0.2372,0,0,0,0,0,0,0,0,0,0,0,1
436,437.0,1710.8511,223.5022,463928.115,464161.427,233.312,0.298,0,0,0,0,0,0,0,0,0,0,0,1
437,438.0,1423.5738,239.9268,464211.4221,464294.73299999995,83.3109,0.2149,0,0,0,0,0,0,0,0,0,0,0,1
438,439.0,1294.491,219.9435,464411.4043,464744.6987,333.2944,0.2205,0,0,0,0,0,0,0,0,0,0,0,1
439,440.0,1216.6621,215.8524,464828.0663,464977.9938,149.9275,0.1909,0,0,0,0,0,0,0,0,0,0,0,1
440,441.0,1346.9026,212.2285,465169.6491,465386.2924,216.6433,0.175,0,0,0,0,0,0,0,0,0,0,0,1
441,442.0,1469.6818,218.2727,465411.2976,465502.9526,91.6551,0.2364,0,0,0,0,0,0,0,0,0,0,0,1
442,443.0,1462.6759,223.5873,465636.2544,465802.8997,166.6454,0.1527,0,0,0,0,0,0,0,0,0,0,0,1
443,444.0,1554.4033,238.5008,466086.2502,466186.2401,99.9899,0.0938,0,0,0,0,0,0,0,0,0,0,0,1
444,445.0,1481.8664,236.778,466227.8687,466469.5098,241.6411,0.2455,0,0,0,0,0,0,0,0,0,0,0,1
445,446.0,1365.4547,224.773,466577.838,466677.8055,99.9676,0.2093,0,0,0,0,0,0,0,0,0,0,0,1
446,447.0,1378.3,211.65,466877.8039,466961.1223,83.3184,0.1189,0,0,0,0,0,0,0,0,0,0,0,1
447,448.0,1470.9548,228.7669,466986.1099,467227.7586,241.6487,0.2615,0,0,0,0,0,0,0,0,0,0,0,1
448,449.0,1553.3486,233.2113,467244.4218,467361.0782,116.6563,0.3228,0,0,0,0,0,0,0,0,0,0,0,1
449,450.0,1699.9375,205.875,467577.7071,467644.3607,66.6536,0.2097,0,0,0,0,0,0,0,0,0,0,0,1
450,451.0,1671.213,223.0056,467677.6914,468127.6749,449.9834,0.3552,0,0,0,0,0,0,0,0,0,0,0,1
451,452.0,1728.9155,212.3309,468152.6564,468444.295,291.6386,0.3439,0,0,0,0,0,0,0,0,0,0,0,1
452,453.0,1244.0417,636.2083,468677.5909,468777.614,100.0231,0.2587,0,0,0,0,0,0,0,1,0,0,1,0
453,454.0,1213.9509,628.8972,468835.9683,469235.8671,399.8988,0.2514,0,0,0,0,0,0,0,1,0,0,1,0
454,455.0,1306.1111,621.2222,469327.5139,469402.4991,74.9852,0.2205,0,0,0,0,0,0,0,1,0,0,1,0
455,456.0,1695.3186,227.9943,469519.1552,469744.1311,224.9759,0.321,0,0,0,0,0,0,0,0,0,0,0,1
456,457.0,1730.9643,227.8929,469802.4976,469919.1258,116.6282,0.2248,0,0,0,0,0,0,0,0,0,0,0,1
457,458.0,1236.108,624.7099,470085.7954,470260.76399999997,174.9687,0.2505,0,0,0,0,0,0,0,1,0,0,1,0
458,459.0,1301.4131,611.3583,470277.405,470577.3766,299.9716,0.2546,0,0,0,0,0,0,0,1,0,0,1,0
459,460.0,1244.3056,603.3889,470594.0624,470744.0205,149.9581,0.2417,0,0,0,0,0,0,0,1,0,0,1,0
460,461.0,1694.997,242.975,470860.6902,471052.3575,191.6672,0.3279,0,0,0,0,0,0,0,0,0,0,0,1
461,462.0,1731.356,247.2097,471135.6689,471302.2982,166.6292,0.2198,0,0,0,0,0,0,0,0,0,0,0,1
462,463.0,1603.6252,255.3128,471360.6283,471502.2856,141.6573,0.1531,0,0,0,0,0,0,0,0,0,0,0,1
463,464.0,1655.6669,252.1688,471618.9484,471693.955,75.0066,0.079,0,0,0,0,0,0,0,0,0,0,0,1
464,465.0,1688.9802,252.1485,471710.5902,471918.8902,208.3001,0.1851,0,0,0,0,0,0,0,0,0,0,0,1
465,466.0,1229.7977,568.7467,472018.896,472127.2118,108.3158,0.1859,0,0,0,0,0,0,0,1,0,0,1,0
466,467.0,1224.4445,612.6078,472193.8845,472568.8405,374.9559,0.2894,0,0,0,0,0,0,0,1,0,0,1,0
467,468.0,1266.9,593.4,472610.5011,472693.8218,83.3207,0.3056,0,0,0,0,0,0,0,1,0,0,1,0
468,469.0,1302.2757,615.4209,472735.4835,472927.1466,191.6631,0.301,0,0,0,0,0,0,0,1,0,0,1,0
469,470.0,1284.1482,558.7083,472993.7925,473527.0663,533.2738,0.3746,0,0,0,0,0,0,0,1,0,0,1,0
470,471.0,1227.3138,633.5880000000001,473677.0412,473960.3357,283.2945,0.3079,0,0,0,0,0,0,0,1,0,0,1,0
471,472.0,1235.3981,608.3504,473977.0075,474102.0065,124.999,0.2252,0,0,0,0,0,0,0,1,0,0,1,0
472,473.0,1246.1431,471.7519,474293.6555,474535.2732,241.6177,0.2565,0,0,0,0,0,0,0,1,0,0,1,0
473,474.0,1279.8244,493.7208,474593.6072,474818.6269,225.0197,0.2796,0,0,0,0,0,0,0,1,0,0,1,0
474,475.0,1270.4569999999999,533.5683,474851.9389,475285.1954,433.2564,0.3131,0,0,0,0,0,0,0,1,0,0,1,0
475,476.0,1436.25,520.9374,475368.5193,475535.1671,166.6479,0.2125,0,0,0,0,0,0,0,0,1,0,1,0
476,477.0,1471.5826,517.6691,475551.8704,475701.8393,149.9689,0.1359,0,0,0,0,0,0,0,0,1,0,1,0
477,478.0,1442.6336,464.0426,475751.828,476085.1505,333.3225,0.228,0,0,0,0,0,0,0,0,1,0,1,0
478,479.0,1501.2691,470.8072,476251.7725,476626.7046,374.9321,0.2972,0,0,0,0,0,0,0,0,1,0,1,0
479,480.0,1274.157,436.08099999999996,476868.3501,477026.6911,158.341,0.2596,0,0,0,0,0,0,0,1,0,0,1,0
480,481.0,1691.7954,469.2266,477351.6413,477551.6037,199.9623,0.3494,0,0,0,0,0,0,0,0,0,1,1,0
481,482.0,1457.1058,465.0534,477601.6032,477859.9209,258.3177,0.2802,0,0,0,0,0,0,0,0,1,0,1,0
482,483.0,1285.1058,454.9964,477901.6095,478134.8803,233.2708,0.243,0,0,0,0,0,0,0,1,0,0,1,0
483,484.0,1233.1786,623.25,479159.7782,479276.4227,116.6445,0.1773,0,0,0,0,0,0,0,1,0,0,1,0
484,485.0,1247.5007,600.1255,479293.1106,479359.7436,66.6329,0.1366,0,0,0,0,0,0,0,1,0,0,1,0
485,486.0,1245.9997,551.4305,479376.4209,479443.0656,66.6447,0.2776,0,0,0,0,0,0,0,1,0,0,1,0
486,487.0,1263.9106,532.2651,479501.4124,479651.3707,149.9583,0.28600000000000003,0,0,0,0,0,0,0,1,0,0,1,0
487,488.0,1270.8718,587.7508,479801.3916,479868.0198,66.6282,0.1037,0,0,0,0,0,0,0,1,0,0,1,0
488,489.0,1487.5332,584.0471,480101.3476,480367.9741,266.6265,0.2075,0,0,0,0,0,0,0,0,1,0,1,0
489,490.0,1491.4537,635.8213,480384.6499,480592.9661,208.3161,0.2848,0,0,0,0,0,0,0,0,1,0,1,0
490,491.0,1312.1989999999998,628.9999,480701.3261,480776.3059,74.9798,0.2191,0,0,0,0,0,0,0,1,0,0,1,0
491,492.0,1722.1736,715.6598,481267.8859,481434.5226,166.6367,0.2195,0,0,0,0,0,0,0,0,0,1,1,0
492,493.0,1622.6674,504.16900000000004,481826.1334,481901.1494,75.016,0.0645,0,0,0,0,0,0,0,0,0,1,1,0
493,494.0,1439.7285,404.4307,482201.0976,482534.407,333.3095,0.4274,0,0,0,0,0,0,0,0,1,0,1,0
494,495.0,1250.5067,389.6101,482576.0712,482826.0353,249.9641,0.2874,0,0,0,0,0,0,0,1,0,0,1,0
495,496.0,1290.4664,389.5003,482892.6857,483284.3178,391.6321,0.2854,0,0,0,0,0,0,0,1,0,0,1,0
496,497.0,1238.8416,387.3032,483300.9697,483600.9537,299.98400000000004,0.2598,0,0,0,0,0,0,0,1,0,0,1,0
497,498.0,1276.5483,383.8037,483667.6385,484009.2372,341.5986,0.3017,0,0,0,0,0,0,0,1,0,0,1,0
498,499.0,1306.5256,398.5306,484017.5567,484267.5617,250.005,0.3741,0,0,0,0,0,0,0,1,0,0,1,0
499,500.0,1336.1307,391.9873,484300.8607,484625.8296,324.9689,0.2663,0,0,0,0,0,0,0,1,0,0,1,0
500,501.0,1409.2778,400.2963,484642.4878,484867.5058,225.018,0.2736,0,0,0,0,0,0,0,0,1,0,1,0
501,502.0,1458.3038,402.6626,484875.8309,485225.7588,349.9278,0.2738,0,0,0,0,0,0,0,0,1,0,1,0
502,503.0,1485.8626,404.3613,485234.0901,485434.0688,199.9787,0.2213,0,0,0,0,0,0,0,0,1,0,1,0
503,504.0,1550.1014,408.7663,485450.7344,485617.37799999997,166.6436,0.2521,0,0,0,0,0,0,0,0,1,0,1,0
504,505.0,1567.9575,403.2847,485925.68700000003,486142.3192,216.6323,0.3616,0,0,0,0,0,0,0,0,1,0,1,0
505,506.0,1533.1329999999998,396.8259,486225.6837,486442.3028,216.6191,0.4213,0,0,0,0,0,0,0,0,1,0,1,0
506,507.0,1669.7807,402.6989,486542.2932,486825.5926,283.2993,0.2926,0,0,0,0,0,0,0,0,0,1,1,0
507,508.0,1732.8575,403.0,487125.5609,487225.5392,99.9783,0.26899999999999996,0,0,0,0,0,0,0,0,0,1,1,0
508,509.0,1768.0644,402.9731,487325.5521,487583.8278,258.2757,0.2483,0,0,0,0,0,0,0,0,0,1,1,0
509,510.0,1770.25,402.0844,487658.8546,487783.809,124.9544,0.1645,0,0,0,0,0,0,0,0,0,1,1,0
510,511.0,1285.9986,384.2885,488050.4588,488675.409,624.9501,0.2783,0,0,0,0,0,0,0,0,0,0,1,0
511,512.0,1425.2652,396.4488,488750.3733,488983.6918,233.3186,0.2242,0,0,0,0,0,0,0,0,1,0,1,0
512,513.0,1493.9091,416.3636,489183.7834,489275.3397,91.5564,0.2841,0,0,0,0,0,0,0,0,1,0,1,0
513,514.0,1722.7727,398.3636,489375.3005,489466.9988,91.6983,0.1842,0,0,0,0,0,0,0,0,0,1,1,0
514,515.0,1669.4829,412.7012,489716.9452,490000.2439,283.2987,0.27899999999999997,0,0,0,0,0,0,0,0,0,1,1,0
515,516.0,1688.6179,470.5791,490108.5598,490275.2745,166.7147,0.3456,0,0,0,0,0,0,0,0,0,1,1,0
516,517.0,1716.521,528.1458,490425.2123,491675.0958,1249.8835,0.3731,0,0,0,0,0,0,0,0,0,1,1,0
517,518.0,1668.9487,489.8452,491775.0504,491900.0695,125.01899999999999,0.2302,0,0,0,0,0,0,0,0,0,1,1,0
518,519.0,1688.0833,486.1667,492000.0151,492100.0038,99.9888,0.1966,0,0,0,0,0,0,0,0,0,1,1,0
519,520.0,1723.211,755.0919,492649.9637,492858.2456,208.2819,0.1911,0,0,0,0,0,0,0,0,0,1,1,0
520,521.0,1719.0002,758.4999,493224.9031,493324.8781,99.975,0.0976,0,0,0,0,0,0,0,0,0,1,1,0
521,522.0,1682.8507,759.4434,493441.5345,493566.5193,124.9848,0.1919,0,0,0,0,0,0,0,0,0,1,1,0
522,523.0,1744.013,758.1988,493724.8445,494008.136,283.2915,0.1612,0,0,0,0,0,0,0,0,0,1,1,0
523,524.0,1741.1789999999999,238.8323,494066.4472,494149.7706,83.3234,0.4245,0,0,0,0,0,0,0,0,0,0,0,1
524,525.0,1697.7988,251.7682,494166.4359,494333.0833,166.6474,0.2539,0,0,0,0,0,0,0,0,0,0,0,1
525,526.0,1663.625,236.775,494416.4156,494583.0547,166.639,0.1678,0,0,0,0,0,0,0,0,0,0,0,1
526,527.0,1731.2036,768.5993,495124.6817,495233.0008,108.319,0.1427,0,0,0,0,0,0,0,0,0,1,1,0
527,528.0,1724.8609,759.7168,495324.6531,495416.3435,91.6904,0.1211,0,0,0,0,0,0,0,0,0,1,1,0
528,529.0,1716.0873,241.3666,495699.6171,496066.2431,366.626,0.2139,0,0,0,0,0,0,0,0,0,0,0,1
529,530.0,1666.5417,750.5833,496274.5544,496374.5416,99.9872,0.21600000000000003,0,0,0,0,0,0,0,0,0,1,1,0
530,531.0,1725.3382,746.3382,496382.8912,496457.8471,74.9559,0.1905,0,0,0,0,0,0,0,0,0,1,1,0
531,532.0,1720.2024,751.5936,496624.5152,496741.1711,116.6558,0.2495,0,0,0,0,0,0,0,0,0,1,1,0
532,533.0,1212.9919,659.5031,497374.4486,497441.0892,66.6406,0.2044,0,0,0,0,0,0,0,1,0,0,1,0
533,534.0,1672.8231,779.9579,498340.9907,498482.66799999995,141.6772,0.1984,0,0,0,0,0,0,0,0,0,1,1,0
534,535.0,1512.0612,766.2105,498790.92600000004,498999.2464,208.3204,0.2616,0,0,0,0,0,0,0,0,1,0,1,0
535,536.0,1398.345,775.6721,499449.1924,499515.8529,66.6605,0.2277,0,0,0,0,0,0,0,0,1,0,1,0
536,537.0,1312.4996,446.6286,500207.50700000004,500324.1373,116.6304,0.2433,0,0,0,0,0,0,0,1,0,0,1,0
537,538.0,1280.2733,385.9993,500474.1086,500599.0599,124.9513,0.1601,0,0,0,0,0,0,0,0,0,0,1,0
538,539.0,1275.4984,521.5016,500674.073,500740.7281,66.6552,0.0985,0,0,0,0,0,0,0,1,0,0,1,0
539,540.0,1278.3744,493.214,500865.7205,501140.6747,274.9542,0.2747,0,0,0,0,0,0,0,1,0,0,1,0
540,541.0,1712.114,763.2965,501490.6347,501773.9871,283.3525,0.2483,0,0,0,0,0,0,0,0,0,1,1,0
541,542.0,1247.7629,393.0853,502965.4771,503115.4568,149.9797,0.231,0,0,0,0,0,0,0,1,0,0,1,0
542,543.0,1412.0112,436.1451,503148.7836,503348.7569,199.9733,0.1945,0,0,0,0,0,0,0,0,1,0,1,0
543,544.0,1400.9263,400.1179,503365.4198,503657.0921,291.6724,0.4204,0,0,0,0,0,0,0,0,1,0,1,0
544,545.0,1243.4284,386.1433,503798.7063,503882.0659,83.3596,0.1768,0,0,0,0,0,0,0,1,0,0,1,0
545,546.0,1284.2194,382.6332,503890.3691,504098.6816,208.3125,0.1603,0,0,0,0,0,0,0,1,0,0,1,0
546,547.0,1502.0459,400.9053,504432.0191,504715.3627,283.3436,0.215,0,0,0,0,0,0,0,0,1,0,1,0
547,548.0,1692.9673,400.8961,505515.1883,505765.1737,249.9854,0.1913,0,0,0,0,0,0,0,0,0,1,1,0
548,549.0,1722.4976,474.8149,505798.485,506098.4692,299.9843,0.2847,0,0,0,0,0,0,0,0,0,1,1,0
549,550.0,1465.4636,229.3927,506148.4894,506298.4326,149.9433,0.2462,0,0,0,0,0,0,0,0,0,0,0,1
550,551.0,692.654,259.445,506356.7591,506423.41799999995,66.6589,0.25,0,1,0,0,0,0,1,0,0,0,0,0
551,552.0,661.9447,208.946,506540.1,506673.4062,133.3062,0.1545,0,1,0,0,0,0,1,0,0,0,0,0
552,553.0,257.7143,231.357,506798.3794,506965.0425,166.6631,0.2213,1,0,0,0,0,0,1,0,0,0,0,0
553,554.0,659.7778,467.7778,508095.3084,508170.2909,74.9826,0.2076,0,0,0,1,0,0,1,0,0,0,0,0
554,555.0,579.3611,178.5833,508386.9241,508536.9228,149.9987,0.1899,0,1,0,0,0,0,1,0,0,0,0,0
555,556.0,213.5194,201.9365,508620.2529,508861.906,241.6531,0.2861,1,0,0,0,0,0,1,0,0,0,0,0
556,557.0,298.3518,176.2522,508903.5659,509020.209,116.6431,0.2248,1,0,0,0,0,0,1,0,0,0,0,0
557,558.0,312.0404,693.2659,509111.8549,509236.8431,124.9882,0.2602,0,0,0,0,1,0,1,0,0,0,0,0
558,559.0,168.3077,840.5744,509378.4962,509611.8252,233.329,0.3436,0,0,0,0,0,1,1,0,0,0,0,0
559,560.0,236.9259,820.0744,509661.8508,509853.4492,191.5983,0.2444,0,0,0,0,0,1,1,0,0,0,0,0
560,561.0,348.3486,826.1509,509928.4198,510028.4243,100.0045,0.2996,0,0,0,0,0,1,1,0,0,0,0,0
561,562.0,506.5312,824.0,510145.0768,510278.3791,133.3024,0.2753,0,0,0,0,0,1,1,0,0,0,0,0
562,563.0,732.8652,831.7281,510420.0544,510628.3593,208.3049,0.332,0,0,0,0,0,1,1,0,0,0,0,0
563,564.0,196.6249,806.5004,510728.3651,510794.9979,66.6328,0.2343,0,0,0,0,0,1,1,0,0,0,0,0
564,565.0,205.3577,823.0963,510878.3136,511136.6391,258.3255,0.2681,0,0,0,0,0,1,1,0,0,0,0,0
565,566.0,289.7431,616.7015,511219.9609,511369.9435,149.9826,0.3561,0,0,0,0,1,0,1,0,0,0,0,0
566,567.0,666.8609,459.4109,511436.5915,511878.2688,441.6774,0.3247,0,0,0,1,0,0,1,0,0,0,0,0
567,568.0,863.4162,469.0009,511919.9024,512019.8599,99.9574,0.2075,0,0,0,1,0,0,1,0,0,0,0,0
568,569.0,1275.5329,469.3859,512069.849,512311.4909,241.6419,0.3457,0,0,0,0,0,0,0,1,0,0,1,0
569,570.0,1422.3558,432.4423,512344.8194,512644.8059,299.9866,0.2192,0,0,0,0,0,0,0,0,1,0,1,0
570,571.0,1539.7246,413.0032,512669.8077,512869.79,199.9822,0.2301,0,0,0,0,0,0,0,0,1,0,1,0
571,572.0,1668.5437,419.9558,512903.1218,513103.0798,199.958,0.2457,0,0,0,0,0,0,0,0,0,1,1,0
572,573.0,1496.5625,306.5784,513353.0393,513586.3778,233.3385,0.225,0,0,0,0,0,0,0,0,0,0,0,1
573,574.0,1223.7782,632.4227,516852.7076,517769.2217,916.5141,0.298,0,0,0,0,0,0,0,1,0,0,1,0
